Nama Hakim,Terdakwa,Jumlah Perkara
YUDI NOVIANDRI,102,81
SAMUEL GINTING,93,47
BAYU SOHO RAHARDJO,87,64
HENDRA HALOMOAN,82,71
AGUNG SUTOMO THOBA,73,45
MUHAMMAD ZULQARNAIN,71,54
IRIATY KHAIRUL UMMAH,67,49
JOHANIS DAIRO MALO,65,37
EGA SHAKTIANA,64,38
SONI NUGRAHA,64,53
HENDRO WICAKSONO,61,43
RUDITA SETYA HERMAWAN,60,50
DEKA DIANA,60,38
PUTU AYU SUDARIASIH,60,50
JEMMY TANJUNG UTAMA,57,34
IDA BAGUS OKA SAPUTRA MANUABA,56,46
CIPTO HOSARI PARSAORAN NABABAN,56,50
EDO JUNIANSYAH,56,42
YANDRI RONI,56,38
ELVIN ADRIAN,54,42
SAHAT. S.P. BANJARNAHOR,54,22
ARIEF BOEDIONO,50,41
OLOAN EXODUS HUTABARAT,49,28
ARYA RAGATNATA,48,43
ARMANSYAH SIREGAR,48,28
ELIYAS EKO SETYO,45,42
MEIRINA DEWI SETIAWATI,44,28
KURNIA MUSTIKAWATI,42,36
HENDRI IRAWAN,42,25
IWAN WARDHANA,42,36
EKA PRASETYA BUDI DHARMA,42,35
H. BAWONO EFFENDI,39,26
JOKO WALUYO,39,28
ANDRY SIMBOLON,38,27
DIAH ASTUTI MIFTAFIATUN,37,22
ARI QURNIAWAN,37,32
SILVI ARIANI,37,36
WIJAWIYATA,36,30
BAYU AGUNG KURNIAWAN,36,19
BRELLY YUNIAR DIEN WARDI HAKORI,36,26
ERSLAN ABDILLAH,35,29
RATNA DAMAYANTI WISUDHA,35,20
ACHMAD YULIANDI ERRIA PUTRA,35,14
REZA HIMAWAN PRATAMA,34,31
WAHYUNI PRASETYANINGSIH,34,24
ERIF ERLANGGA,34,22
HAGA SENTOSA LASE,33,19
PHILLIP MARK SOENTPIET,33,26
ESTAFANA PURWANTO,32,27
I WAYAN GEDE RUMEGA,32,23
GUNTUR PAMBUDI WIJAYA,32,20
I WAYAN EKA MARIARTA,32,22
ENAN SUGIARTO,31,26
MUHAMAD IMAN,31,21
ALEX TAHI MANGATUR HAMONANGAN PASARIBU,31,20
MATEUS SUKUSNO AJI,31,28
BAMBANG CONDRO WASKITO,31,24
LEO SUKARNO,30,22
"ROSIHAN LUTHFI,",30,26
FERDINALDO HENDRAYUL BONODIKUN,30,26
SRI SULASTRI,29,18
ACHMAD PETEN SILI,28,23
ERIANTO SIAGIAN,28,23
ANNISA BRIDGESTIRANA,28,20
NURHAYATI NASUTION,28,24
MAULANA ABDILLAH,28,23
AHMAD HUSAINI,28,27
RUSLAN HENDRA IRAWAN,28,15
FAHREN,28,19
CHRISTIAN WIBOWO,27,25
HARIANTO MAMONTO,27,15
RENALDO MEIJI HASOLOAN TOBING,27,15
GUNTUR NURJADI,27,19
ANTENG SUPRIYO,27,20
I GEDE PUTU SAPTAWAN,27,18
KELIK TRIMARGO,26,25
SUGIANNUR,26,21
YAKOBUS MANU,26,13
CHITTA CAHYANINGTYAS,26,18
WASIS PRIYANTO,25,17
OMORI ROTAMA SITORUS,25,17
BEN RONALD P. SITUMORANG,25,18
JOHN PAUL MANGUNSONG,25,18
RONALD SALNOFRI BYA,25,19
RR. DIAH POERNOMOJEKTI,25,18
BAMBANG SETYAWAN,25,23
ARIEF KADARMO,25,15
AGUS SAFUAN AMIJAYA,25,15
FAISAL,24,16
RADEN NARENDRA MOHNI ISWOYOKUSUMO,23,17
MASKUR HIDAYAT,23,15
NUR KHOLIS,23,18
RICKY FARDINAND,23,18
EKA PRASETYA PRATAMA,23,12
RUDI ANANTA WIJAYA,23,19
I MADE YULIADA,23,18
AMINUDDIN,22,17
RAKHMAT FANDIKA TIMUR,22,3
HENDRI TOBING,22,15
DWIYANTO,22,19
MUH. DJAUHAR SETYADI,22,21
FEBRIANO HERMADY,22,17
HENU SISTHA ADITYA,21,18
PUTUT TRI SUNARKO,21,18
ELLEN YOLANDA SINAGA,21,13
M. SYAFRIZAL FAKHMI,21,18
BUNGARAN PAKPAHAN,21,7
LIA HERAWATI,21,18
HERIYANTI,21,12
DERMAN NABABAN,21,12
ALFON,21,21
RIO DESTRADO,21,20
ANDRI NATANAEL PARTOGI,21,17
I NYOMAN WIGUNA,21,21
RICKI ZULKARNAEN,20,16
RIO BARTEN T.H,20,16
RINI MASYITHAH,20,19
LENNY MEGAWATY NAPITUPULU,20,9
AGUNG IRIAWAN,20,14
SRI PENI YUDAWATI,20,19
GALANG SYAFTA ARSITAMA,20,14
LANORA SIREGAR,20,12
EFRATA HAPPY TARIGAN,19,16
HENDAH KARMILA DEWI,19,14
PRANSIS SINAGA,19,19
INTAN PANJI NASARANI,19,14
BEAUTY D.E. SIMATAUW,19,15
HERMAN SIREGAR,19,12
ABDUL AZIZ,19,16
ORPA MARTHINA,19,12
DESBERTUA NAIBAHO,19,14
SETYO YOGA SISWANTORO,19,16
YUDI EKA PUTRA,19,16
IMELDA HERAWATI DEWI P,19,15
MUHAMMAD RAMDES,18,12
A.A GD AGUNG PARNATA,18,9
NANANG ZULKARNAIN FAISAL,18,16
CAROLINA DORCAS YULIANA AWI,18,12
HENDRA NOVRYANDIE,18,16
JIFLY Z. ADAM,18,10
BENNY ARISANDY,18,13
SRI REJEKI MARSINTA,18,11
HARIES SUHARMAN LUBIS,18,8
MUHAMMAD HANAFI INSYA,17,16
ASLAN AININ,17,15
INDRA LESMANA KARIM,17,13
FERDI,17,14
LEDIS MERIANA BAKARA,17,12
ROBBY ALAMSYAH,17,12
DARWANTO,17,15
AGUS SETIAWAN,17,9
ASMA FANDUN,17,11
SALMAN ALFARASI,17,17
SAPTONO,17,13
UNGGUL TRI ESTHI MULJONO,17,13
LILA SARI,17,12
FITRA RENALDO,17,14
IRWAN EFENDI,17,14
I MADE GEDE KARIANA,17,15
RADEN RORO ANDY NURVITA,16,13
SUBIAR TEGUH WIJAYA,16,12
RAHADIAN NUR,16,12
WISNU KRISTIYANTO,16,12
FEBRI PURNAMAVITA,16,7
RACHMAWATY,16,12
AKHMAD,16,3
ACHMAD SYARIPUDIN,16,11
ZIA UL JANNAH IDRIS,16,13
TUTY HARYATI,16,11
ACHMAD SOBERI,16,9
PANDU DEWANTO,16,10
GATOT ARDIAN AGUSTRIONO,15,13
ANDI HENDRAWAN,15,12
FRANSISCUS YOHANIS BABTHISTA,15,11
SALMAN ALFARISI,15,8
CHANDRA GAUTAMA,15,12
MADE ADICANDRA PURNAWAN,15,11
ERIKA SARI EMSAH GINTING,15,11
IDA AYU SRI ADRIYANTHI ASTUTI WIDJA,15,9
NI KADEK SUSANTIANI,15,7
BUDI SANTOSO,15,6
FAJAR KUSUMA AJI,15,11
CHRISTO EVERT NATANAEL SITORUS,15,10
ACHMAD VIRZA RUDIANSYAH,14,14
Achmad Satibi,14,8
ACHMAD UKAYAT,14,11
ABD. KADIR,14,14
TOTOK YANUARTO,14,9
FAKHRUDIN SAID NGAJI,14,6
ANDRI WAHYUDI,14,14
MARTUA SAGALA,14,11
ANRY WIDYO LAKSONO,14,14
OCTO BERMANTIKO DWI LAKSONO,14,14
TIDAK LENGKAP,14,14
AGUS ARDIANTO,13,13
MUHAMMAD RIFQI,13,11
MUKHLASSUDDIN,13,11
ERSIN,13,8
IKSANDIAJI YURIS FIRMANSAH,13,7
EKO SETIAWAN,13,8
JENNY TULAK,13,12
AKHMAD FIJIARSYAH JOKO SUTRISNO,13,15
DWI SUGIANTO,13,5
ALFONSUS NAHAK,13,10
MORGAN SIMANJUNTAK,13,13
AGUS AKHYUDI,13,11
"PUTU ENDRU SONATA,",13,9
ZAUFI AMRI,13,10
R. AGUNG ARIBOWO,12,8
HANRY ICHFAN ADITYO,12,11
MAHARANI DEBORA MANULLANG,12,11
RATRININGTIAS ARIANI,12,10
MAKMUR PAKPAHAN,12,5
DANIEL ELISA SETIAWAN SIMANJUNTAL,12,6
HANDY REFORMEN KACARIBU,12,10
RUDITO SUROTOMO,12,8
ROMI SINATRA,12,8
RELSON MULYADI NABABAN,12,8
DEDE HALIM,12,12
BAMBANG EKAPUTRA,12,6
WIMMI D. SIMARMATA,12,8
YANTO ARIYANTO,12,7
RIZKY MUBARAK NAZARIO,12,6
TYAS LISTIANI,12,6
ARTUR PANDE SIMBOLON,12,2
HERU KARYONO,12,5
GRACE MEILANIE P.D.T. PASAU,11,11
FATCHU ROCHMAN,11,11
NALFRIJHON,11,8
DODIK SETYO WIJAYANTO,11,9
PAUL MARPAUNG,11,10
MOCH. TAUFIK TATAS PRIHYANTONO,11,8
DAMERIA FRISELLA SIMANJUNTAK,11,9
H. SYAHBUDDIN,11,11
DOMINGGUS SILABAN,11,10
INDRA JOSEPH MARPAUNG,11,8
RAIS TORODJI,11,6
DEDY MUCHTI NUGROHO,11,10
"HARIES SUHARMAN LUBIS,",11,8
HARYUNING RESPANTI,11,11
MARJANI ELDIARTI,11,10
JONI MAULUDDIN SAPUTRA,11,10
DONOVAN AKBAR KUSUMO BHUWONO,11,10
IMAN BUDI PUTRA NOOR,11,6
TUTY BUDHI UTAMI,11,7
DIAH ASTUTI,11,9
R.A. ASRININGRUM KUSUMAWARDHANI,11,11
CATUR BAYU SULISTIYO,11,9
RENDRA YOZAR DHARMA PUTRA,11,5
ERFAN AFANDI,11,7
ANDY EFFENDI RUSDI,10,5
ADITYA,10,6
"PURWANTA,",10,10
NOFAN HIDAYAT,10,6
HANIFZAR,10,7
AFIF JANUARSYAH SALEH,10,8
CHRISTINA TETELEPTA,10,10
RADEN ARI MULADI,10,6
HONGKUN OTOH,10,9
KHAIRULLUDIN,10,6
YOGI RACHMAWAN,10,5
ERICK IGNATIUS CHRISTOFFEL,10,10
HOTMA EDISON PARLINDUNGAN SIPAHUTAR,10,8
AHMAD SHUHEL NADJIR,10,6
NIKO HENDRA SARAGIH,10,7
H.TEGUH HARISSA,10,3
HENDRA KUSUMA WARDANA,10,7
"I GEDE KARANG ANGGAYASA,",10,10
ZAMZAM ILMI,10,7
BOEDI HARYANTHO,10,9
AGUS WALUJO TJAHJONO,10,10
HARIS BUDIARSO,10,8
SAUT MARULI TUA PASARIBU,10,9
ANISA PRIMADONA DUSWARA,10,4
TEGUH INDRASTO,10,8
SLAMET BUDIONO,10,9
FATIMAH,10,7
DANIEL RONALD,10,7
ABDUL WAHAB,10,7
PAISOL,10,7
ERMA SUHARTI,9,9
EVA MEITA THEODORA PASARIBU,9,7
AS'AD RAHIM LUBIS,9,7
M. AUNUR ROFIQ,9,5
TRI HANDAYANI,9,2
HARYANTA,9,9
YOSEP BUTAR BUTAR,9,3
TITIK BUDI WINARTI,9,8
MOCH ICHWANUDIN,9,6
INDRAWAN,9,9
I WAYAN EDY KURNIAWAN,9,6
SUNOTO,9,6
ARRI DJAMI,9,9
I DEWA GEDE BUDHY DHARMA ASMARA,9,8
SUPRAYOGI,9,3
ENI MARTININGRUM,9,8
WIDARTI,9,8
ENDI NURINDRA PUTRA,9,7
DWIANA KUSUMASTANTI,9,6
AGUNG CIPTOADI,9,8
ROSIANI NITI PAWITRI,9,8
SANGKOT LUMBANTOBING,9,9
S. PUJIONO,9,7
AKHMAD FAZRINOOR SOSILO DEWANTORO,9,4
MOCH. ISA NAZARUDIN,9,7
YULIUS CHRISTIAN HANDRATMO,9,6
ALBON DAMANIK,9,6
ANDITA YUNI SANTOSO,9,7
SOBANDI,9,4
JAROT WIDIYATMONO,9,8
GUNTORO EKA SEKTI,9,6
VERONICA SEKAR WIDURI,9,4
RIANA BR POHAN,9,9
RELLY DOMINGGUS BEHUKU,9,6
I MADE ADITYA NUGRAHA,9,4
JAMUJI,9,7
ARIES SHOLEH EFENDI,9,6
MANATA BINSAR TUA SAMOSIR,9,7
BONGBONGAN SILABAN,9,9
Achmad Sugeng Djauhari,9,4
LUCKY ROMBOT KALALO,9,7
R. A. DIDI ISMIATUN,9,6
MAROLOP SIMAMORA,9,5
YUDISTIRA ALFIAN,9,5
IKHA TINA,8,3
BAGUS RADITYA WIRADANA,8,2
IDA AYU SRI ADRIYANTHI AW,8,7
QURAISYIYAH,8,4
TOMMY MANIK,8,5
RISWAN HERAFIANSYAH,8,5
NI KADEK SUSANTIAN,8,8
TAUFAN MANDALA,8,5
SYAMSUDDIN MUNAWIR,8,7
NELSON ANGKAT,8,8
"FITRIA SEPTRIANA,",8,4
SULHANUDDIN,8,5
INDAH NOVI SUSANTI,8,6
RUDY WIBOWO,8,4
MUHAMMAD DJAMIR,8,5
SILFI YANTI ZULFIA,8,6
JULIANTI WATTIMURY,8,5
JHONSON FREDDY ESRON SIRAIT,8,5
HERU SETIYADI,8,8
SALOMO GINTING,8,6
A. A. Gede Susila Putra,8,7
DEDI KUSWARA,8,7
YOEDI ANUGRAH PRATAMA,8,8
YULI ARTHA PUJAYOTAMA,8,4
DAHLAN,8,6
RIMDAN,8,5
HANDRY ARGATAMA ELLION,8,4
ANDRE BUDIMAN PANJAITAN,8,3
ALFIAN,8,7
SAYED KADHIMSYAH,8,5
WINDY RATNA SARI,8,7
HERU DINARTO,8,3
MUHAMMAD TAHIR,8,5
PERELA DE ESPERANZA,8,6
YULANTO PRAFIFTO UTOMO,8,8
YUNITA HENDARWATI,8,8
I GUSTI NGURAH TARUNA W,7,3
IMAM SANTOSO,7,6
BUDIMAN SITORUS,7,7
PANGERAN HOTMA HIO PATRA SIANIPAR,7,6
TIWIK,7,3
LUKMAN NULHAKIM,7,6
GIBSON PARSAORAN,7,6
FRANS KORNELISEN,7,7
ANDI BARKAN MARDIANTO,7,6
TRI DHARMA PUTRA,7,5
SAID HUSEIN,7,6
AFANDI WIDARIJANTO,7,4
KEMAS REYNALD MEI,7,4
JENI NUGRAHA DJULIS,7,7
EZRA SULAIMAN,7,7
SRI HASNAWATI,7,7
SIHAR HAMONANGAN PURBA,7,7
DINAR PAKPAHAN,7,3
HAKLAINUL DUNGGIO,7,7
AIMAFNI ARLI,7,7
JOHN MICHEL LEUWOL,7,3
SOFIAN PARERUNGAN,7,7
HAIRUDDIN TOMU,7,4
ENNY OKTAVIANA,7,4
CHITA CAHYANINGTYAS,7,6
MUHAMMAD HAMBALI,7,6
MARYONO,7,7
REZA APRIADI,7,5
RAMADHANA HERU SANTOSO,7,4
RISKA WIDIANA,7,4
ANDRE JEVI SURYA,7,4
MARTHA MAITIMU,7,7
WAHYU WIDODO,7,6
MOHAMAD ZAKIUDDIN,7,7
AGUS DARMANTO,7,7
BERLINDA URSULA MAYOR,7,2
RANDI JASTIAN AFANDI,7,5
RUSTAM,7,7
ARIEF YUDIARTO,7,6
JESSIE SYLVIA KARTIKA SIRINGO RINGO,7,6
AGUS TRIYANTIO,7,5
PRADITIA DANINDRA,7,6
WIYANTO,7,5
R. MUHAMMAD SYAKRANI,7,7
ESTIONO,7,5
ZEFRI MAYELDO HARAHAP,7,5
ADHLAN FADHILLA AHMAD,7,3
PUTU AGUS WIRANATA,7,7
CHRISTOFFEL HARIANJA,7,7
HENNY TRIMIRA HANDAYANI,7,4
DENIHENDRA St. PANDUKO.,7,2
WILLY MARSAOR,7,3
EDDY DAULATTA SEMBIRING,7,6
M. FAHRI IKHSAN,7,3
RUDI SUPARMONO,7,5
IRWAN MUNIR,6,6
Y. ERSTANTO WINDIOLELONO,6,6
EVALINA BARBARA MELIANA,6,5
HELMIN SOMALAY,6,6
WEDHAYATI,6,2
HENDRI SUMARDI,6,6
LALU MOH. SANDI IRAMAYA,6,5
NOVARINA MANURUNG,6,3
FATHUL MUJIB,6,5
UDUT WIDODO KUSMIRAN NAPITUPULU,6,7
BAMBANG BUDIMURSITO,6,2
TOGA NAPITUPULU,6,6
JUWITA DANINGTYAS,6,2
NASRI,6,6
KARSENA,6,4
FLORENCE KATERINA,6,5
SUTRISNO,6,6
AGUNG BUDI SETIAWAN,6,2
PASKATU HARDINATA,6,5
FADILLAH USMAN,6,2
EVAN SETIAWAN DESE,6,5
IMRON ROSYADI,6,6
ERNI PRILIAWATI,6,5
SUBAI,6,6
ENNIERLIA ARIENTOWATY,6,6
MUHAMAD IQBAL,6,6
SIMON CHARLES PANGIHUTAN SITORUS,6,6
DYAH RATNA PARAMITA,6,5
EDWIN ADRIAN,6,6
DIAN ANGGRAINI,6,5
DENI LIPU,6,3
DHARMA PUTRA SIMBOLON,6,6
DENNIE ARSAN FATRIKA,6,5
DENIHENDRA ST PANDUKO,6,6
AHMAD MAULANA IKBAL,6,2
PUTU GDE NOVYARTHA,6,3
CHAIRIL ANWAR,6,5
NOVA LOURA SASUBE,6,5
RISWAN SUPARTA WINATA,6,5
ARFAN YANI,6,6
SONNY ALFIAN BLEGOER LAOEMOERY,6,6
Abraham Amrullah,6,6
ULINA MARBUN,6,4
I MADE SUKANADA,6,5
NOOR ISWANDI,6,5
ALFAROBI,6,3
HILARIUS GRAHITA SETYA ATMAJA,6,2
NANIK HANDAYANI,6,2
NI MADE OKTIMANDIANI,6,6
DYAH SUTJI IMANI,6,5
NYOTO HINDARYANTO,6,6
MARIANY R. KOROMPOT,6,3
GABRIEL SIALLAGAN,6,4
NUGRAHA MEDICA PRAKASA,6,3
NURNANINGSIH AMRIANI,6,6
R. RUDI KINDARTO,6,6
ADIL HAKIM,6,4
MELINDA ARITONANG,6,4
ASEP KOSWARA,6,5
ARIF BUDI CAHYONO,6,3
ARI GUNAWAN,6,4
MARKHAM FARIED,6,3
ANNISA NOVIYATI,6,6
LUSIANA AMPING,6,6
PARTONO,6,5
JIMMY MARULI,5,4
YOGI DULHADI,5,3
RIYANTI DESIWATI,5,3
YAJID,5,3
OLOAN SILALAHI,5,3
ZAINAL AHMAD,5,4
BARITA SINAGA,5,5
ARIS GUNAWAN,5,4
WASDI PERMANA,5,5
LAURA THERESIA SITUMORANG,5,2
ACHMAD IRFIR ROCHMAN,5,5
ULTRY MEILIZAYENI,5,2
TRI MULYANTO,5,5
HASANUDDIN,5,5
HARRY SURYAWAN,5,4
TAUFAN RACHMADI,5,5
SYOFIA MARLIANTI TAMBUNAN,5,5
GABE DORRIS MORA BORU SARAGIH,5,4
MULYADI,5,3
FIRLANA TRISNILA,5,1
RAMA WIJAYA PUTRA,5,5
FHYTTA IMELDA SIPAYUNG,5,3
FAKHRUDDIN,5,5
SUGIYO MULYOTO,5,3
ERYUSMAN,5,5
ERINTUAH DAMANIK,5,3
EKO JULIANTO,5,3
SLAMET SETIO UTOMO,5,1
DJUANTO,5,4
MOHAMMAD SYAFII,5,2
DINA PELITA ASMARA,5,2
DIKDIK HARYADI,5,4
IVAN BUDI HARTANTO,5,4
JONA AGUSMEN,5,4
SANDI MUHAMAD ALAYUBI,5,5
SAHIDA ARIYANI,5,3
DALYUSRA,5,3
JOHANIS HEHAMONY,5,4
MOCH. NUR AZIZI,5,5
MIRYANTO,5,4
ROSNAINAH,5,5
BUNGA MELUNI HAPSARI,5,4
SORTA RIA NEVA,5,4
TRI RETNANINGSIH,5,5
ANDY WILIAM PERMATA,5,3
JAYADI HUSAIN,5,1
MASRIATI,5,2
ANIK ISTIROCHAH,5,5
WAODE SANGIA,5,5
RAHMAWAN,5,2
ALLANIS CENDANA,5,2
HENDHY EKA CHANDRA,5,5
ARDHIANTI PRIHASTUTI,5,4
BUYUNG DWIKORA,5,4
MUHAMAD FAUZAN HARYADI,5,4
NI GUSTI MADE UTAMI,5,4
ARI LISTYAWATI,5,4
ANDI HARDIANSYAH,5,3
IMELDA HERAWATI DEWI PRIHATIN,5,3
RAY PRATAMA SIADARI,5,4
AMINUDIN J. DUNGGIO,5,4
MUHAMMAD FAHMI HARY NUGROHO,5,3
EVA SUSIANA,5,5
AGUS PAMBUDI,5,3
AGUNG SUHENDRO,5,3
AGUNG KUSUMO NUGROHO,5,3
DAMENTA ALEXANDER,5,4
ADIYAKSA DAVID PRADIPTA,5,2
FRANS WEMPIE SUPIT PANGEMANAN,5,5
ARI CONARDO,5,3
RIZAL FIRMASNYAH,5,5
DIAN KURNIAWATI,5,3
Achmad Fachrurrozi,5,5
I KETUT SOMANASA,5,5
FERRY HADIANSYAH,5,3
MERY DONNA TIUR PASARIBU,5,5
TONI IRFAN,5,5
AGUNG NUGROHO,5,5
LENNY LASMINAR S,5,4
TIRA TIRTONA,5,4
MELISSA,5,1
YOGA DWI ARIASTOMO NUGROHO,4,4
LILIK SUGIHARTONO,4,3
YOGI ARSONO,4,3
YOFISTIAN,4,4
YOHANNES PANJI PRAWOTO,4,3
MANGAPUL MANALU,4,2
WISNU WIDIASTUTI,4,2
KAMIJON,4,3
I MADE SUDIARTA,4,1
WARSITO,4,4
WAHYU WIDURI,4,4
NUNUNG KRISTIYANI,4,4
AZHARY P. GINTING,4,2
VENI MUSTIKA E.T.O,4,4
VERA YETTI MAGDALENA,4,3
RONY SUATA,4,2
UZAN PURWADI,4,3
NOVI WIJAYANTI,4,2
ABDULLAH MAHRUS,4,4
TUMPAL SAGALA,4,1
TONIWIDJAYA HANSBERD HILLY,4,1
HARRIS TEWA,4,4
TENNY ERMA SURYATHI,4,4
INDAH WASTUKENCANA WULAN,4,3
H. MUHAMMAD DJAMIR,4,4
FLOWERRY YULIDAS,4,4
R.HENDY NURCAHYO SAPUTRO,4,4
FIRMAN SUMANTRI ERA RAMADHAN,4,4
ARY WAHYU IRAWAN,4,4
FIRDAUS SODIQIN,4,4
FAUZUL HAMDI,4,4
SUMARYONO,4,4
"EZRA SULAIMAN,",4,2
MUHAMMAD RIDUANSYAH,4,3
ETI KOERNIATI,4,3
"ERYUSMAN,",4,4
SUDIRA,4,3
JUNITIN SINAR HUMOMBANG NAINGGOLAN,4,2
STEPHANUS YUNANTO ARYWENDHO,4,4
MUHAMMAD AKBAR HANAFI,4,3
ELSA RIANI SITORUS,4,3
SOPHIE DHINDA AULIA BRAHMANA,4,2
JUNITA PANCAWATI,4,4
EDI JUNAEDI,4,3
DWIANTO JATI SUMIRAT,4,3
SILVIANINGSIH,4,4
SAYUTI,4,2
LALU MOHAMAD SANDI IRAMAYA,4,1
DIDIK NURSETIAWAN,4,4
DIDIEK JATMIKO,4,4
DIAN YUNIATI,4,2
MOHAMAD INDARTO,4,4
IBRAHIM PALINO,4,2
DEMI HADIANTORO,4,4
ARI SISWANTO,4,4
MOCHAMAD ARIF SATIYO WIDODO,4,2
DAVID PANGGABEAN,4,4
ALBANUS ASNANTO,4,2
BOY ASWIN AULIA,4,2
ROSANA IRAWATI,4,4
BUHA AMBROSIUS SITUMORANG,4,3
BERNADUS PAPENDANG,4,2
GALANG ADHE SUKMA,4,2
BASUKI WIYONO,4,4
JIHAD ARKANUDDIN,4,2
ASWARDI IDRIS,4,4
RIA PERMATA SUKMA,4,4
TITO ELIANDI,4,4
ELLY SARTIKA ACHMAD,4,3
ARIF HADI SAPUTRA,4,4
BANGKIT KUSHARTINAH,4,1
RINTIS CANDRA,4,4
NI KADEK KUSUMA WARDANI,4,4
ANWAR W.M .SAGALA,4,4
0,4,4
BUDI SETIAWAN,4,4
ANGGI PRAYURISMAN,4,4
ICHE PURNAWATY,4,4
ANDRIYANSYAH,4,4
RIFANDARU ERIAMBODO SETIAWAN,4,4
RAKHMAN RAJAGUKGUK,4,4
ANTON RIZAL SETIAWAN,4,4
ERWIN HARLOND PALYAMA,4,3
MARULI TUMPAL SIRAIT,4,4
SATRIYO MURTITOMO,4,2
MOCHAMAD FIRMANSYAH RONI,4,4
AKBAR RIDHO ARIFIN,4,4
ARIF WISAKSONO,4,4
AHMAD BUKHORI,4,4
M. ISMAIL HAMID,4,2
WIWIN ARODAWANTI,4,4
AGUS ARYANTO,4,2
MASRIDAWATI,4,4
AGENG PRIAMBODO PAMUNGKAS,4,3
DUANO AGHAKA,4,3
ADHI SATRIJA NUGROHO,4,3
MAHARANI WULAN,4,4
ZULFADLY,4,4
JONSON PARANCIS,4,2
SRI HANANTA,4,2
PUTU ENDRU SONATA,4,4
TAUFIK ABDUL HALIM NAINGGOLAN,4,3
NURSINAH,4,4
HAMDAN SARIPUDIN,4,3
ISDARYANTO,4,3
PRIHATIN STIO RAHARJO,4,4
AZIZAH AMALIA,4,4
BAKHRUDDIN TOMAJAHU,4,3
YURISTI LAPRIMONI,4,3
BAMBANG JOKO WINARNO,4,3
MARSELINUS AMBARITA,4,2
JIMMY RAY IE,4,4
BAYU ADHYPRATAMA,4,2
YULI EFFENDI,4,4
LUCAS SAHABAT DUHA,4,4
YUDHISTIRA ADHI NUGRAHA,4,2
NOERISTA SURYAWATI,3,1
IRPAN HASAN LUBIS,3,3
YENI ERLITA,3,3
IWAN HARRY WINARTO,3,2
MAROLOP WINNER PASROLAN BAKARA,3,2
LENNY KUSUMA MAHARANI,3,2
WILSON SHRIVER,3,3
HERBERT GODLIAF UKTOLSEJA,3,3
I GUSTI NGURAH PUTRA ATMAJA,3,3
MOHAMMAD WACHID USMAN,3,1
ALBERTUS USADA,3,2
EDI SAPUTRA PELAWI,3,3
DWI FLORENCE,3,1
RITA NOVITA SARI,3,2
ELIN PUJIASTUTI,3,3
ACHMAD RASYID PURBA,3,2
TUMPANULI MARBUN,3,3
KRISTANTO SAHAT HAMONANGAN SIANIPAR,3,3
HASANUDIN,3,3
NELLY ANDRIANI,3,1
TEGUH HARISSA,3,3
HALIMATUSSAKDIAH,3,1
TAUFIQURROHMAN,3,2
KHAMOZARO WARUWU,3,3
SYARIP,3,3
FREDY TANADA,3,1
FRANSISKUS ARKADEUS RUWE,3,3
SYAFRIZAL,3,3
MULYADI ARIBOWO,3,3
FERRY MARCUS JUSTINUS SUMLANG,3,2
MUHAMMAD TAUFIQ,3,2
KADEK DWI KRISNA ANANDA,3,3
FARRAH YUZESTA AULIA,3,2
KADARISMAN AL RISKANDAR,3,3
FANDI ABDILLAH,3,3
HERA KARTININGSIH,3,3
EVELYNE NAPITUPULU,3,2
JUSDI PURMAWAN,3,1
ERVEN LANGGENG KASEH,3,3
ERNILA WIDIKARTIKAWATI,3,3
SUBRONTO,3,3
MUHAMMAD IKHSAN,3,3
EKO SUPRIYANTO,3,3
EDY ALEX SERAYOX,3,2
EDWIN YUDHI PURWANTO,3,3
EDUART M.P. SIHALOHO,3,3
EDISON M.,3,3
EDI SUBAGIYO,3,3
EDI SANJAYA LASE,3,2
EDI RAHMAD,3,1
SINTA GABERIA PASARIBU,3,3
SIH YULIARTI,3,2
MONITA HONEISTY BR SITORUS,3,3
MOHAMMAD SOLIHIN,3,3
DIDIMUS HARTANTO DENDOT,3,2
MOHAMMAD HASANUDDIN HEFNI,3,2
DIAN TRIASTUTY,3,2
IKA RATNA UTAMI,3,1
DEWA KETUT KARTANA,3,3
DENI ALBAR,3,3
IIN FATIMAH,3,2
DWI HATMODJO,3,2
DAIMON DONNY SIAHAYA,3,2
DARMINTO HUTASOIT.,3,1
HENDRA HUTABARAT,3,3
IDA MARYAM HASIBUAN,3,3
CAKRA TONA PARHUSIP,3,1
ROSIHAN JUHRIAH RANGKUTI,3,2
JOHAN WAHYU HIDAYAT,3,3
RONNY WIDODO,3,2
MANGULUANG,3,1
ADITIYA DENI PRASETYA,3,1
RIZQA YUNIA,3,1
MAULIA MARTWENTY INE,3,3
ENDRA HERMAWAN,3,3
ASRI,3,3
ALDO ADRIAN HUTAPEA,3,3
CATUR PRASETYO,3,2
RISBARITA SIMARANGKIR,3,2
MASLIKAN,3,2
CATYAWI AVESTA SASONGKO PUTRO,3,3
ARI WIDODO,3,2
GDE PUTU OKA YOGA BHARATA,3,3
RINA LESTARI BR. SEMBIRING,3,3
I WAYAN SUARTA,3,2
PANJI ANSWINARTHA,3,3
JEFRY RONI PARULIAN SITOMPUL,3,2
INDIRA PATMI,3,3
MARTIN GINTING,3,3
IDA AYU NYOMAN ADNYA DEWI,3,3
SERLIWATY,3,2
ELLY ISTIANAWATI,3,1
SUBCHI EKO PUTRO,3,3
ARIE SATIO RANTJOKO,3,3
T.O.C.H SIMANJUNTAK,3,1
R. AJI SURYO,3,3
AMRAN S. HERMAN,3,2
GRAITO ARAN SAPUTRO,3,3
ACHMAD WAHYU UTOMO,3,3
RUDY HAPOSAN ADIPUTRA,3,3
AKHMAD BANGUN SUJIWO,3,2
ARI KURNIAWAN,3,3
HAMKA,3,2
RAKHMAT RUSMIN WIDYARTHA,3,2
AHMAD IHSAN AMRI,3,2
LUKMAN AKHMAD,3,3
ARISTA BUDI CAHYAWAN,3,3
RAHMAT SAHALA PAKPAHAN,3,3
FARIDH ZUHRI,3,3
AHMAD SAMUAR,3,3
HIKA DERIYANSI ASRIL PUTRA,3,3
RIZAL TAUFANI,3,2
ISNURUL SYAMSUL ARIF,3,2
IGNATIUS YULYANTO ARI WIBOWO,3,2
ABRAHAM VAN VOLLEN HOVEN GINTING,3,3
ALVIN RAMADHAN NUR LUIS,3,2
MAHYUDIN,3,3
LILIN HERLINA,3,3
REFI DAMAYANTI,3,1
MOHD. RIZKY MUSMAR,3,2
ANNISA SITAWATI,3,2
ULWAN MALUF,3,2
IRWANSYAH PUTRA SITORUS,3,3
LUKMEN YOGIE SINAGA,3,3
I KETUT DARPAWAN,3,2
YULI PURNOMOSIDI,3,3
RISWANDY,3,3
HALIDA RAHARDHINI,3,3
IRWANSYAH,3,3
YOLA ESKA AFRINA SIHOMBING,2,2
TIDAK DICANTUMKAN,2,2
EDITERIAL,2,2
EDUWARD,2,2
AIDA NOVITA,2,2
JOHN RICARDO,2,1
HORAS EL CAIRO PURBA,2,1
BAMBANG SUCIPTO,2,2
SURATNI,2,1
DAVID DARMAWAN,2,2
ALFIAN WAHYU PRATAMA,2,1
HUSNUL KHOTIMAH,2,2
WIDODO HARIAWAN,2,2
NURMALA SINURAT,2,2
SUNDARI,2,2
NIKEN ROCHAYATI,2,2
BETSJI SISKE MANOE,2,2
LEBA MAX NANDOKO ROHI,2,2
WAHYU ISWARI,2,2
IRENE SARI M. SINAGA,2,1
TORNADO EDMAWAN,2,2
WAHYU KUSUMANINGRUM,2,2
NOVI NURADHAYANTY,2,1
NURHADI,2,2
DANARDONO,2,2
INGGIT SUCI PRATIWI,2,2
SUWANTO,2,1
PESTA PARTOGI HASIHOLAN SITORUS,2,2
KOPSAH,2,1
AGUS CAKRA NUGRAHA,2,2
AGUNG PRASETYO,2,2
SAPTO SUPRIYONO,2,2
HENY FARIDHA,2,2
TONY ARIFUDDIN SIRAIT,2,2
HARYA JUANG SIREGAR,2,1
HARTATI,2,2
TIMUR AGUNG NUGROHO,2,2
TEGUH ARIFIANO,2,1
H. SYAMSUDIN LA HASAN,2,1
TARYAN SETIAWAN,2,2
GILLANG PAMUNGKAS,2,2
NARTILONA,2,2
FX. HANUNG DWI WIBOWO,2,2
INDAH WASTU KENCANA WULAN,2,1
SYAFRUDDIN,2,2
FITRIZAL YANTO,2,2
SUWARJO,2,1
MUHAMMAD SAINAL,2,2
FIRDAUS,2,2
FERI ANDA,2,2
SUNARTI,2,1
SULISTYO MUHAMAD DWI PUTRO,2,2
MUHAMMAD TAOFIK,2,2
SULISTIYONO,2,2
FAJAR PRAMONO,2,2
FADHLI,2,2
SUKMAWATI,2,2
SUHARDIN Z. SAPAA,2,2
EVI FITRIAWATI,2,2
SUHENDRA SAPUTRA,2,1
MUHAMMAD JUANDA PARISI,2,1
SUGIRI WIRYANDONO,2,2
IMELDA,2,2
ELTO MAYO,2,2
SRI HARIYANI,2,2
SONTAN MERAUKE SINAGA,2,2
EDWIN PUDYONO MARWIYANTO,2,2
JULIANTY WATTIMURY,2,1
JOSCA JANE RIRIHENA,2,2
DWI PURWANTI,2,2
DONY HARDIYANTO,2,2
DONALD FREDERIK SOPACUA,2,2
SIFA'UROSIDIN,2,2
SHERLY RISANTY,2,2
DINAHAYATI SYOFYAN,2,2
SETYANTO HERMAWAN,2,1
DIMAS WIDIANANTO,2,2
DILLI TIMORA ANDI GUNAWAN,2,2
DIDIT PAMBUDI WIDODO,2,2
DICKY WAHYUDI SUSANTO,2,1
IKBAL MUHAMMAD,2,2
DHIMAS NUGROHO PRIYOSUKAMTO,2,2
MOHAMMAD FIKRI ICHSAN,2,2
JON SARMAN SARAGIH,2,2
DERRY WISNU BROTO K.P,2,2
HENDRA PRAMONO,2,2
SAFWANUDDIN SIREGAR,2,2
DAVID FREDO CHARLES SOPLANIT,2,2
RUSTANTO,2,2
DAME PARULIAN PANDIANGAN,2,2
CYRILLA NUR ENDAH SULISTYANINGRUM,2,2
COKIA ANA PONTIA O,2,2
RUDANTI WIDIANUSITA,2,1
CESAR ANTONIO MUNTHE,2,2
MIAN MUNTHE,2,2
HIRAS SITANGGANG,2,1
BOXGIE AGUS SANTOSO,2,2
BONNY SANGGAH,2,2
BENYAMIN,2,2
MINANOER RACHMAN,2,2
BENY SUMARNO,2,2
BENNY OCTAVIANUS,2,2
ERNI LILY GUMOLILI,2,1
BENEDICTUS RINANTA,2,2
RIZKY RAMADHAN,2,1
MELDA LOLYTA SIHITE,2,2
"BUDI SETIAWAN, SH",2,2
BAMBANG SUPRIYONO,2,2
MAXI SIGARLAKI,2,1
BAGUS SUMANJAYA,2,2
WIDIA IRFANI,2,2
RIZKY INDRA ADI PRASETYO R.,2,1
BUDI PRAYITNO,2,2
ASTEA BIDARSARI,2,2
ASEP SUMIRAT DANAATMAJA,2,1
ARYO WIDIATMOKO,2,1
TRI SUGONDO,2,2
ARMAWAN,2,2
ROMMEL FRANCISKUS TAMPUBOLON,2,2
RION APRALOKA,2,2
CHRISTINE VICTORIA SIREGAR,2,1
SEFTRA BESTIAN,2,2
ARIEF WIBOWO,2,1
"ARIE ANDHIKA ADIKRESNA,",2,1
RINTO LEONI MANULLANG,2,1
RINA SULASTRI JENNYWATI,2,1
IBRAHIM HASAN KURNIAWAN,2,1
NI WAYAN WIRAWATI,2,1
MARTARIA YUDITH KUSUMA,2,1
"ANTON RIZAL SETIAWAN,",2,2
GEDE PUTRA ASTAWA,2,2
I GDE GINARSA,2,1
IDA BAGUS BAMADEWA PATIPUTRA,2,2
I G. N. A. ARYANTA ERA W,2,2
ANNIE SAFRINA SIMANJUNTAK,2,2
ABDULLATIP,2,2
ANITA SILITONGA,2,1
MADELA NATALIA SAI REEVE,2,2
RICKY INDRA YOHANIS,2,2
TITIS TRI WULANDARI,2,1
ALINE OKTAVIA KURNIA,2,2
ANDY NARTO SILTOR,2,2
MUHAMMAD IRFAN,2,1
AGUS ISKANDAR,2,2
ANDI NAIMMI MASRURA ARIFIN,2,2
HARI SUPRIYANTO,2,2
ALVIN ZAKKA ARIFIN ZETA,2,2
JASAEL,2,2
ANTYO HARRI SUSETYO,2,1
MARLIYUS M.S,2,2
KONY HARTANTO,2,2
BRILLIAN HADI WAHYU PRATAMA,2,2
ALFAN FIRDAUZI KURNIAWAN,2,2
BERNARDO VAN CHRISTIAN,2,2
RAYS HIDAYAT,2,2
MARIA MINERVA KAINAMA,2,2
SUTARMO,2,2
I KETUT MARDIKA,2,1
MUSTAJAB,2,2
THOMAS TARIGAN,2,2
HENDRO HEZKIEL SIBORO,2,1
ERWINSON NABABAN,2,1
PARMATONI,2,2
A AULIA RAHMAN,2,1
SULAEMAN,2,1
RAHMAWATI WAHYU SAPTANINGTIAS,2,1
AHMAD GAZALI,2,2
AGUSTINUS,2,2
VIVI PURNAMAWATI,2,2
MANGAPUL GIRSANG,2,2
AGUS TJAHJO MAHENDRA,2,2
TRI BAGINDA K.A.G,2,2
MAURITS M. RICARDO SITOHANG,2,2
MANGAPUL,2,1
ARDHI WIJAYANTO,2,2
ARIS FITRA WIJAYA,2,2
ACHMAD IYUD NUGRAHA,2,2
MAHFUDIN,2,2
ITONG ISNAENI HIDAYAT,2,2
AHMAD RIZAL,2,2
ADJI PRAKOSO,2,1
RUDI HARTOYO,2,1
TIMOTHEE KENCONO MALYE,2,2
ADENG ABDUL KOHAR,2,2
ACHMAD YANI TAMHER,2,1
M. ISKANDAR MUDA,2,2
HERDIAN EKA PUTRAVIANTO,2,2
SYOFIA NISRA,2,1
ISMAIL WAEL,2,2
NURAFRIANI PUTRI,2,2
ABDURRAHMAN MASDIANA,2,2
ADISWARNA CHAINUR PUTRA,2,2
ABDUL GAFUR BUNGIN,2,2
LIBERTY OKTAVIANUS SITORUS,2,2
YONA LAMEROSSA KETAREN,2,2
A.F.S DEWANTORO,2,1
YUZAIDA,2,2
ZULFANURFITRI,2,1
LUTFI ALZAGLADI,2,2
NOOR ICHWAN ICHLAS RIA ADHA,2,1
R. ZAENAL ARIEF,2,1
YUSWARDI,2,2
EDDY CAHYONO,2,2
SUBUR SUSATYO,2,2
EMI TRI RAHAYU,2,1
BAKHTIAR,2,1
ABU HANIFAH,2,2
SAHLAN EFENDI,2,2
PIPIT CHRISTA ANGGRAENI SEKEWAEL,2,2
PHILLIP M. SOENTPIET,2,2
PETRUS NICO KRISTIAN,2,2
ARPISOL,2,2
AGUNG WICAKSONO,2,2
YUNIZA RAHMA PERTIWI,2,2
PETRA JEANNY SIAHAAN,2,2
ISABELA SAMELINA,2,2
RESA OKTARIA,2,2
YULI ATMANINGSIH,2,2
ULFA RERY,2,1
FEGA UKTOLSEJA,2,2
MUH. IMAM IRSYAD,1,1
YOLA NINDIA UTAMI,1,1
BOKO,1,1
DWI SURYANTA,1,1
MOHAMMAD ISTIADI,1,1
YOHANES HERO SUJAYA,1,1
PASTI TARIGAN,1,1
WIRYATMI,1,1
SULARKO,1,1
IKHWAN HENDRATO,1,1
WHISNU SURYADI,1,1
MAKMURIN KUSUMASTUTI,1,1
H. MUHAMMAD,1,1
YOGA PERDANA,1,1
PANJI SURONO,1,1
R AGUNG ARIBOWO,1,1
CANDRA NURENDRA ADIYANA,1,1
MUHAMMAD IKHSAN FATHONI,1,1
YENI EKO PURWANINGSIH,1,1
YESI AKHISTA,1,1
YENI CHRUSTINE DEBORA,1,1
DZULKARNAIN,1,1
MUHAMAD BAGINDA RAJOKO HARAHAP,1,1
ANSHORI HIRONI,1,1
RIOS RAHMANTO,1,1
MELCKY JOHNY OTOH,1,1
YAHYA WAHYUDI,1,1
PANDJI PATRIOSA,1,1
LEONARDUS,1,1
VILIA SARI,1,1
BUDI SETYAWAN,1,1
PRANATA SUBHAN,1,1
MOCHAMAD UMARYAJI,1,1
DIAN ERDIANTO,1,1
KADARWOKO,1,1
ST. IKO SUDJATMIKO,1,1
LAILY FITRIA TITIN ANUGERAHWATI,1,1
DARMINTO HUTASOIT,1,1
A. A. PUTU PUTRA ARIYANA,1,1
LISFER BERUTU,1,1
WILLEM MARCO ERARI,1,1
OKI BASUKI RACHMAT,1,1
DIAN NUR PRATIWI,1,1
WIENDA KRESNANTYO,1,1
OCTIAWAN BASRI,1,1
WANDA ANDRIYENNI,1,1
NYOMAN AYU WULANDARI,1,1
WIDANA ANGGARA PUTRA,1,1
ELIZABETH PRASASTI ASMARANI,1,1
WENING INDRADI,1,1
LELY TRIANTINI,1,1
IRMA WAHYUNINGSIH,1,1
IRMA RAHMAHWATI,1,1
DWI HANANTA,1,1
RADITYO BASKORO,1,1
CHRISTINA ENDARWATI,1,1
WAHYUDINSYAH PANJAITAN,1,1
IRLINA,1,1
WAHYU SETIOADI,1,1
MUKHTARI,1,1
VICI DANIEL VALENTINO,1,1
RIGHTMEN MS SITUMORANG,1,1
PARLIN MANGATAS BONA TUA,1,1
EKO BUDI SUPRIYANTO,1,1
VENI MUSTIKA ENDRIASTUTI TRIYOGI OKTAVIANI,1,1
KAIRUL SOLEH,1,1
ANTONIUS WIDIJANTONO,1,1
MUHAMAD YUSUF,1,1
PUDJI WIDODO,1,1
SURANTO,1,1
A.A. PT NGR RAJENDRA,1,1
AGUS NAZARUDDINSYAH,1,1
NOVRITSAR HASINTONGAN PAKPAHAN,1,1
NOVITASARI TRI HARYANTI,1,1
IDA RATNAWATI,1,1
ARIS BAWONO LANGGENG,1,1
GATOT SARWADI,1,1
ULI PURNAMA,1,1
HADI SUNOTO,1,1
SALMAN ALFARIS,1,1
NOVA SALMON,1,1
SURYO NEGORO,1,1
EDI SUBAGIO,1,1
RAKHMAT PRIYADI,1,1
NOVA FLORY BUNDA,1,1
KARTIJONO,1,1
MUHAMAD SALAM GIRIBASUKI,1,1
JOKO WIDODO,1,1
HELKA RERUNG,1,1
HATIJAH AVERIEN PADUWI,1,1
HASNUL TAMBUNAN,1,1
TOHARI TAPSIRIN,1,1
KUSMAN,1,1
KURNIA SARI ALKAS,1,1
IRFANUL HAKIM,1,1
HARRIES KONSTITUANTO,1,1
TEUKU SYARAFI,1,1
TENGKU OYONG,1,1
HAMZAH KAILUL,1,1
NATALIA MAHARANI,1,1
GT. RISNA MARIANA,1,1
GLORIOUS ANGGUNDORO,1,1
T. BENNY EKO SUPRIYADI,1,1
GANDUNG,1,1
FRANSISKUS WILFRIRDUS MAMO,1,1
SYLVIA YUDHIASTIKA,1,1
NARNI PRISKA FARIDAYANTI,1,1
FRANS EFFENDI MANURUNG,1,1
FORCI NILPA DARMA,1,1
SYAFRIL PARDAMEAN BATUBARA,1,1
FITRIA SEPTRIANA,1,1
FITRIA HANDAYANI GINTING,1,1
FIKA RAMADHANINGTYAS PUTRI,1,1
SUTOTO ADIPUTRO,1,1
SUTIO JUMAGI AKHIRNO,1,1
FEMINA MUSTIKAWATI,1,1
FAUZI ISRA,1,1
SUPARNO,1,1
FARIDA DWI JAYANTHI,1,1
FAQIHNA FIDDIN,1,1
SULAIMAN M.,1,1
MUSLIM M. ASH SHIDDIQI,1,1
KIKI YURISTIAN,1,1
EVANDER RELAND BUTAR BUTAR,1,1
ETRI WIDAYATI,1,1
ERLY SOELISTYARINI,1,1
ERLI YANSAH,1,1
EMMY HARYONO SAPUTRO,1,1
SUKO HARSONO,1,1
ELI SUPRAPTO.,1,1
SISKA RIS SULISTIYO NINGSIH,1,1
SISILIA DIAN JIWA YUSTISIA,1,1
MUHAMAD ADI HENDRAWAN,1,1
DOUGLAS R.P. NAPITUPULU,1,1
DODY RAHMANTO,1,1
DJUYAMTO,1,1
SIGIT TRIATMOJO,1,1
MORAILAM PURBA,1,1
MOORIS MENGAPUL SIHOMBING,1,1
JUSTIAR RONAL,1,1
I DEWA GEDE SUARDITHA,1,1
HERA POLOSIA DESTINY,1,1
DINI NUSROTUDINIYAH ARIFIN,1,1
SAYED TARMIZI,1,1
SAYED FAUZAN,1,1
DICKY RAMDHANI,1,1
DICKI IRVANDI,1,1
SARAH LOUIS S,1,1
SAPUTRO HANDOYO,1,1
MOHAMMAD PANDI ALAM,1,1
DEWI LESTARI NUROSO,1,1
DEWANGGA HERJUNA WISNU GAUTAMA,1,1
SAPRUDDIN,1,1
DEVID AGUSWANDRI,1,1
DESSY DERIA ELISABETH GINTING,1,1
DENIHENDRA ST. PANDUKO,1,1
MOH. SUTARWADI,1,1
MOH. BEKTI WIBOWO,1,1
DENI INDRAYANA,1,1
SAIFUL HS,1,1
MOH REZWANDHA MESYA,1,1
DEDI IRAWAN,1,1
MOH FATKAN,1,1
DEDE SURYAMAN,1,1
DASRIWATI,1,1
"SAFRUDDIN,",1,1
DANANG UTARYO,1,1
MOCHAMAD REZA FAHMIANTO,1,1
JOKO SAPTONO,1,1
DANANDOYO DARMAKUSUMA,1,1
DADI RACHMADI,1,1
RUDY SETYAWAN,1,1
CINDAR BUMI,1,1
CHRISTINA SIMANULLANG,1,1
CHRISTA YULIANTA PRABANDANA,1,1
RUBEN BARCELONA HARIANDJA,1,1
ROZIYANTI,1,1
"JOHANIS DAIRO MALO,",1,1
HJ. AISA HI. MAHMUD,1,1
BUDI TEGUH ALBERTO SIMAREMARE,1,1
BICTERZON WELFARE HUTAPEA,1,1
ROSYADI,1,1
WAHYUDIANSYAH PANJAITAN,1,1
HENDRA WAHYUDI,1,1
HASNUL FUAD,1,1
LILI EVELIN,1,1
DADI SURYANDI,1,1
SUPARDI (HAKIM TUNGGAL),1,1
SUPRIYATNA RAHMAT,1,1
"ANDI HENDRAWAN (P.1), ASMUDDIN (BANDING)",1,1
"LUKMAN NUK HAKIM (P.1), MELKY SALAHUDIN (BANDING & KASASI),",1,1
DEWI YANTI,1,1
DONY DORTMUND,1,1
ACEP SOPIAN SAURI,1,1
MIRA SENDANGSARI,1,1
GUTIARSO,1,1
AZIZ JUNAEDI,1,1
RIWANDI,1,1
AGNES SINAGA,1,1
AWAL DARMAWAN AKHMAD,1,1
RIVAI RASYID TUKUBOYA,1,1
SIGIT JATI KUSUMO,1,1
RISWAN SUPARTAWINATA,1,1
MOHAMMAD FAUZI SALAM,1,1
BASRIN,1,1
JOKO DWI ATMOKO,1,1
ARSUL HIDAYAT,1,1
MAULIDA ARIYANTI,1,1
FIRDAUS ZAINAL,1,1
EDWIN RISKI MARENTEK,1,1
ROYKE HAROLD INKIRIWANG,1,1
ARIE ANDHIKA ADIKRESNA,1,1
ARIANDY,1,1
LUH SASMITA DEWI,1,1
ARI WIBOWO,1,1
LIENA,1,1
NI PUTU ASIH YUDIASTRI,1,1
ARDI.,1,1
RINI MASYITAH,1,1
RINDING SAMBARA,1,1
MARYAM BROO,1,1
JOEDI PRAJITNO,1,1
HISBULLAH IDRIS,1,1
KUKUH KURNIAWAN,1,1
RINA LESTARI BR SEMBIRING,1,1
I PUTU SUYOGA,1,1
I WAYAN SUKRADANA,1,1
RIFA'I,1,1
ANNE RUSIANA,1,1
NOVITA WITRI,1,1
NUR ERVIANTI MELIALA,1,1
ANGGA NUGRAHA AGUNG,1,1
RICKY EMARZA BASYIR,1,1
RANI SURYANI PUSTIKASARI,1,1
ANDREAS ARMAN SITEPU,1,1
TUGIYANTO,1,1
RICHMOND P.B. SITOROES,1,1
EDY TOTO PURBA,1,1
SAIDIN BAGARIANG,1,1
ANAK AGUNG NGURAH BUDHI DHARMAWAN,1,1
MARPER PANDIANGAN,1,1
RICCO IMAM VIMAYZAR,1,1
ARTHA ULLY,1,1
JERRY THOMAS,1,1
HARTATI ARI SURYAWATI,1,1
NUR IHSAN SAHABUDDIN,1,1
RENDRA,1,1
MARLIYUS MS,1,1
I WAYAN SUGIARTAWAN,1,1
HARIO PURWO HANTORO,1,1
ARIF SETIAWAN,1,1
AKHMAD SAHYUTI,1,1
RAYMON HARYANTO,1,1
AISA HI. MAHMUD,1,1
MARIA RINA SULISTIAWATI,1,1
HARLINA RAYES,1,1
SURYA LAKSEMANA,1,1
AHMAD NUR HIDAYAT,1,1
HASCARYO,1,1
DEKY VELIX WAGIJU,1,1
HASRAWATI YUNUS,1,1
AGUS RAHARDJO,1,1
AHMAD ISMAIL,1,1
AGUNG SULISTIYONO,1,1
RAJA BONAR WANSI SIREGAR,1,1
MARIA ADINTA KRISPRADANI,1,1
MARCELLINO GONZALES SEDYANTOPUTRO,1,1
RAKHMAD DWINANTO,1,1
NUR SALAMAH,1,1
AKHMAD BUDIAWAN,1,1
AWALUDDIN HENDRA APRILANA,1,1
HENGKY ALEXANDER YAO,1,1
AGUSTINUS HERWINDU WICAKSONO,1,1
RAFI MAULANA,1,1
ETIK PURWANINGSIH,1,1
RADITYO MUHAMMAD HARSENO,1,1
RADEN ZAENAL ARIEF,1,1
JAN MANOPPO,1,1
I PUTU GEDE ASTAWA,1,1
SETIAWAN ADIPUTRA,1,1
AGUNG SULISTIONO,1,1
AGUNG CORY F. D. LAIA,1,1
RESTU IKHLAS,1,1
RAHMAD HIDAYAT BATUBARA,1,1
NURRAHMI,1,1
AGNES MONICA,1,1
MOCHAMAD ADIB ZAIN,1,1
MAJU PURBA,1,1
SARUDI,1,1
ADELLA SERA GIRSANG,1,1
AFRIZAL HADY,1,1
PUTU MAHENDRA,1,1
MELFIHARYANI,1,1
PUTU GDE HARIADI,1,1
RATNA DEWI DARIMI,1,1
JATMIKO PUJO RAHARJO,1,1
NOPELITA SEMBIRING,1,1
EDY SIONG,1,1
ABU ACHMAD SIDQI AMSYA,1,1
M. FAHMI HARY NUGROHO,1,1
M. ERIC ILHAM AULIA AKBAR,1,1
ABD. HADI NASUTION,1,1
AULIA FHATMA WIDHOLA,1,1
PURWANTA,1,1
ZULKIFLI,1,1
PURNAMA,1,1
ZEPHANIA,1,1
PRONGGO JOYONEGARA,1,1
BAGUS IRAWAN,1,1
YOSDI,1,1
ZALDY DHARMAWAN PUTRA,1,1
TOCH SIMANJUNTAK,1,1
YUSUF SYAMSUDDIN,1,1
MURNI ROZALINDA,1,1
YUSTISIA PERMATASARI,1,1
DEWI ELYARAHMA SULISTIYOWATI,1,1
NASORIANTO,1,1
YUSTIKA TATAR FAUZI HARAHAP,1,1
YUSRIZAL,1,1
LUSI EMMI KUSUMAWATI,1,1
HARYANTO DAS’AT,1,1
ARIEF KARYADI,1,1
YURI ADRIANSYAH,1,1
YUNIANTO AGUNG NURCAHYO,1,1
YULISAR,1,1
TRI LESTARI,1,1
YULIA MARHAENA,1,1
YULIANTO THOSULY,1,1
YULI SINTHESA TRISTANIA,1,1
"PERELA DE ESPERANZA,",1,1
MUHAMMAD DENY FIRDAUS,1,1
VERDIAN MARTIN,1,1
GUNTUR KURNIAWAN,1,1
FERRI IRAWAN,1,1
MAHARTHA NOERDIANSYAH,1,1
PATAR PANJAITAN,1,1
PASTRA JOSEPH ZIRALUO,1,1
LUKI EKO ANDRIANTO,1,1
LODEWYK IVANDRIE SIMANJUNTAK,1,1
ISNANIA NINE MARTA,1,1
HERU HANINDYO,1,1
HENY DWITARUM,1,1
HENDRA YURISTIAWAN,1,1