Jaksa Penuntut Umum,Terdakwa,Jumlah Perkara
RENNY ERTALINA,58,58
WIWIEK SURYANI,36,36
DONI MARIANTO,43,43
EDDY SINAGA,45,45
DHIMAS MAHENDRA,33,33
RILEX TRI ANGGA,23,23
BUDHI CAHYONO,23,23
HABIBUL RAKHMAN,26,26
EDI SETIAWAN,38,38
YOGI PURNOMO,22,22
YUPRAN SUSANTO,25,25
AGUS WIDIYONO,33,34
BUDI MURWANTO,29,29
AKBARI DARNAWINSYAH,30,30
RAHMAD HIDAYAT,28,28
KIAGUS ANWAR,30,30
RAHADIAN ARIF WIBOWO,25,25
BUDI PRAKOSO,23,24
ITO AZIS WASITOMO,24,24
EKO WAHYUDI,20,20
SRIYANI,20,20
NURUL AFIFAH ANA,19,19
JOHANSEN PARLINDUNGAN,26,26
SHANDRA FRANSISKA,25,25
ARIE PRATAMA,22,22
LESYA AGASTYA,20,20
JOSUHUA GUMANTI SITORUS,14,14
WAWAN KURNIAWAN,15,15
J.W.PATTIASINA,25,25
NIRMALA DEWI,21,21
NOVITA ELNARESA,19,19
JUPRI WANDY BANJARNAHOR,22,22
FERRY,18,18
ANDI TRI SAPUTRO,19,19
DANNI ARTHANA,14,14
ARSITHA AGUSTIAN,16,16
LASIDO HERITSON PANJAITAN,11,11
NOFRY HARDI,18,18
SAMUEL FERNANDES HUTAHAYAN,21,21
HENDRIK FAYOL,25,25
IRWANTO,13,13
ANDI SAHPUTRA SINAGA,18,18
INDRA SEMBIRING,10,10
GIO VALDO DIAMANTA,10,10
RIWUN SRIWATI,19,19
RAHMAT,21,21
ANDI AKBAR,19,19
IRVAN RAHMADANI PRAYOGO,15,15
KRISNA PRAMONO,13,13
SAMUEL F. HUTAHAYAN,16,16
ERIK RUSNANDAR,10,10
RACHMAT DJATI WALUYA,16,16
ANDREW MUGABE,15,15
PRIANDI FIRDAUS,16,16
AGUNG NUGROHO,16,16
ERLANDO JULIMAR,8,8
DWI DARA AGUSTINA,13,13
REZA PRASETYA NITISASMITO,13,13
DEDY TAULADANI,21,21
SUTRISNO TABEAS,14,14
HERI SUSANTO,13,13
MUH. IHSAN HUSNI,3,3
JUNETA WELHELMINA PATTIASINA,14,14
ERNOFIYANTI AMRAN,16,16
RISA MAHDEWI,4,4
GEREI SAMBINE,5,5
TARUNG,19,19
HARIYONO,16,16
NATTY AYUNINGDIASTUTI ARIF,11,11
YUDIKA ALBERT KRISTIAN PANGARIBUAN,13,14
YUSHAR,11,11
RAY LEONARDO,15,15
ANDEP SETIAWAN,17,17
I GEDE WILLY PRAMANA,12,12
ARDHI PRASETYO,12,12
DWINANTO AGUNG WIBOWO,18,18
TEGUH PRAYOGI,16,16
RADEN MUHAMMAD SHANDY MEITA,13,13
YUDI ADIYANSAH,14,14
ADIK SRI S,12,12
MUHAMMAD ABRAR PRATAMA,6,6
PEWIRA SAPUTRA,14,14
BAMBANG ARIF S,14,14
HENDRA MEYLANA,15,15
ARISTOTELES,9,9
MARTINO ANDREAS DAVID PARMADEAN,9,9
ABRINALDY ANWAR,11,11
BOBBY SEPTA SAPUTRA,9,9
"SATRIYO EKORIS SAMPURNO, S.H.",5,5
HERU DUWI ADMOJO,11,11
JERI KURNIAWAN,13,13
ZIKRI YOHANDA KHAIRI,14,14
FERDY SETIAWAN,14,14
ARIO ARIBOWO,13,13
PANJI BANGUN INDRIYANTO,11,11
RATNA KHATULISTIWI,16,16
M.ZUHDI,8,8
HARYANTO WIDJAJA,9,9
PRIYUDA ADHYTIA MUKHTAR,11,11
SELLY AGUSTINA,14,14
FARHAN ZAM ZAM,11,11
BRAM DHANANJAYA,9,9
NORAIDA SILALAHI,9,9
DOLLY ARMAN HUTAPEA,12,12
MUHAMMAD TOHE,16,17
RIKSON LOTHAR,10,10
ERIN PRADANA,10,10
ANDI FEBRIANDA,14,14
YUSMAWATI,12,12
BAMBANG PURWADI,10,10
ADI TYAS TAMTOMO,8,8
JULFADLI,8,8
SENATOR BORIS PANJAITAN,10,10
ADI RAHMANTO,10,10
ESTIK DILLA RAHMAWATI,11,11
NANANG TRIYANTO,8,8
EVI LUGITO,9,9
RENI NOVIYANTI,6,6
EDO PUTRA UTAMA,9,9
ELSON S. BUTARBUTAR,12,12
SAMBA SADIKIN,12,12
AWALUDIN,13,13
ETY BOEDI,7,7
ZAINAL MUTTAQIN,11,11
EKO SUPRAMURBADA,11,11
ERIC BRAYN CHRISTIAN NIKIJULUW,6,6
MUCHAMAD HABI HENDARSO,9,9
HENDRI ARITONANG,9,9
MARULITOA J. SITANGGANG,10,10
EKA HERMAWAN,10,10
M KARYADIE,7,7
AGUS SUPRIYANTO,7,7
WENY F. RELMASIRA,8,8
MOCH. RIDWAN DERMAWAN,12,12
FEBRI ERDIN SIMAMORA,10,10
NING RENDATI,13,13
AGUS RAHMAT,11,12
YOYOK ADI SYAHPUTRA,7,7
AGUS ADI PRASETYO,12,12
I GEDE HERY YOGA SASTRAWAN,5,5
SONY BUDI PRASETYO,7,7
SAFE`I,4,4
NOFANDA PRAYUDHA B,8,8
BILL HAYDEN,11,11
SUHARDONO,12,12
NENNY KARMILA,7,7
YUNANI,10,10
SUKANDA,7,7
I MADE ADI ESTU NUGRAHAN,5,5
AIDIL RAYA PUTERA,12,12
SULFIKAR,9,9
LASKAR SANDHI YUDHA,9,9
ARMEIN RAMDHANI,11,11
JAMES NAIBAHO,7,7
ERIZA SUSILA,11,11
RAHMAT HIDAYAT,11,12
BAMBANG SUPARYANTO,4,4
ADE RACHMAD HIDAYAT,10,10
IBRAHIM KHALIL,3,3
SYAHRUR RAHMAN,12,12
MAYANG RATNASARI,7,7
REFINA APRILIA HUTABARAT,9,9
MOCHAMAD DJUNAEDI,11,11
HENDRA S,11,11
DWI CAESAR OCTAVIANUS,6,6
HERLAMBANG ADHI NUGROHO,9,9
HARI ANGGARA,9,9
ALEXANDER JOSUA HUTAGALUNG,4,4
SARIFUDDIN,10,10
AKHMAD ZAHEDI FIKRY,9,9
MAHANANI TRI HASTUTI,10,10
RINI PURNAMAWATI,12,12
SUHERI WIRA FERNANDA,11,11
WAHYU NUGRAHA EFFENDI,9,9
SRI HARIYATI,9,9
DONALD RETTOB,11,11
DEKRY WAHYUDI,10,10
IMRAN,8,8
WILIAM JAKSON SIGALINGGING,7,7
IRWAN ADI CAHYADI,5,5
SYAHANARA YUSTI RAMADONA,6,6
MUHAMMAD JURIKO WIBISONO,8,8
ANDI SUDIRMAN,3,3
ABDULLAH ARBY,7,7
TAJUDDIN,10,10
TRIAN FEBRIANSYAH,8,8
DESTIA DWI PURNOMO,6,6
LULU MARLUKI,7,7
RARA ANGGARAINI,7,7
APRIANI CANDRA C,6,6
YOPPY GUMALA,6,6
ERIC PUTRADIYANTO,6,6
YULISTIONO,8,8
R. IWAN CHARTAWAN,9,9
DERIS ANDRIANI,8,8
HASAN NURODIN ACHMAD,9,9
YUSE CHAIDI ADHAR,10,11
ROMI PRASETYA NITI SASMITO,7,7
M. HABI HENDARSO,8,8
SANTO MUSA,5,5
NANANG IBRAHIM,5,5
ANDHIKA FERY KURNIAWAN,10,10
DEDI WAHYUDIE,9,9
WAHYUDHI,5,5
RAFLINDA,8,8
EKI MOHAMAD HASIM,9,9
BILAL BIMANTARA,6,6
NAOMI AMANDA NAWITA HADIYANTO SH,9,9
ANANDA HERMILA,8,8
BINANG M. C. YOMAKI,2,2
WIDIYAWATI,6,6
SUKMAWATI,6,6
GALIH AZIZ,9,9
ANDREAS ATMAJI,4,4
MURNI,7,7
IDA HARYANI,6,6
MUGYADI,4,4
JULIA RIZKI SARI,7,7
SOFIAN HADI,9,9
RICKY AMIN NUR HADYWIANTO,5,5
ANGGER PRATOMO,8,8
NIA YUNIAWATI SH MH,9,9
LUJENG ANDAYANI,7,7
DAFIT RIADI,7,7
ADAM PUTRAYANSYA,10,10
NIKY JUNISMERO,8,8
AMBO RIZAL CAHYADI,10,10
ADE MILADI FIRMANSYAH,6,6
AGUSJAYANTO,8,8
EKO PURWANTO,6,6
MARULITUWA J. SITANGGANG,6,6
SIGIT SAMBODO,6,6
HENDRA,7,7
HAIDIR RAHMAN,6,6
IRNA INDIRA RATIH,8,9
DIAH,7,7
ADHI PRIYOTOMO AADILAH,9,9
I PUTU SASTRA ADI WICAKSANA,6,6
AGUSTIN DWI RIA MAHARDIKA,8,8
SHAHNAZ NATASHA,7,7
JIMMY MANURUNG,7,7
RESITA FAUZIAH HAKIM,6,6
RATRIEKA YULIANA,7,7
ROBERT IWAN KANDUN,7,7
RIZAL PURWANTO,5,5
ALDI DEMAS AKIRA,9,9
EKO FEBRIANTO,5,5
PANDE PUTU WENA MAHAPUTRA,8,8
OKI WINARTA,7,7
WIGNYO YULIANTO,8,8
ARGE ARIF SUPRABOWO,6,6
TEDHY WIDODO,9,9
NIA YUNIAWATI,3,3
OKTAVIANDI SAMSURIZAL,7,7
MARIA ULFA,6,6
SANI SIANTURI,9,9
FARID ACHMAD,7,7
AJI SUKARTAJI,5,5
ANTON ZULKARNAEN,9,9
MULKAN BALYA,7,7
DR. ROSITA NABABAN,7,7
DHANITYA PUTRA PRAWIRA,4,4
ROCHMAN MARSUDI,2,2
ANGGA WARDANA,8,8
AHMAD LATUPONO,7,7
TIA NOVALIANTI,7,7
RINDAYA SITOMPUL,1,1
ROZY HAROMAIN,8,8
YOGI APRIANTO,5,5
MUHAMMAD WILDAN AWALJON PUTRA,6,6
DEWI LESTARI,7,7
ENDANG DARSONO,7,7
MANIK ARTHA ADHITAMA,5,5
ERNOFIANTI AMRAN,6,6
ZAENAL ABIDIN,7,7
AB. BAYU PURWO SATRIA KUSUMA YUSUF,5,5
CUCU GANTINA,7,7
GIOVANI,9,9
UJANG WIJANARKO,9,9
FADHIL RAZIEF HERTADAMANIK,4,4
NURDIANTI,6,6
MUHAMMAD BAYU SEGARA,8,8
RUSTAMAJI YUDICA ADI NUGRAHA,8,8
LA ODE MUH. NUZU,7,7
ZULKARNAIN HARAHAP,4,4
EKO HARTOYO,6,6
HADIARTO,8,8
ADRY RINALDY,1,1
MUHAMMAD REZI REVALDO,4,4
ROBIATUL ADAWIYAH,4,4
WILSARIANI,5,5
POLA MARTUA SIREGAR,6,6
RHENITA TUNA,5,5
ARDHIA AZIM,5,5
GUSTI NGURAH AGUS SUMARDIKA,1,1
RIKA YUNITA,4,4
DONNY M DOLOKSARIBU,6,6
M. ANUGRAH AGUNG SAPUTRA FAIZAL,1,1
TARJONO,5,5
RENHARD HARVE,6,6
ARIEF WIRAWAN,3,3
PALITO HAMONANGAN,4,4
DEWI PERMATA ASRI,5,5
NAFATHONY S.M. BATISTUTA,7,7
MARTHALIUS,6,6
ANDHIKA NUGRAHA TRIPUTRA,4,4
GATRA YUDHA PRAMANA,1,1
MOEHARGUNG ALSONTA,6,6
ADE TAGOR MAULI,5,5
SYAHRUL SYA'BAN,3,3
HENGKY FRANSISCUS MUNTE.,2,2
HAKIM AGOENG TIRTAYASA RASOEN,5,5
FITRA TEGUH NUGROHO,7,7
BUYUNG ANJAR PURNOMO,3,3
NOLDI SOMPI,8,8
MUHAMMAD FAHMI ABDILLAH,8,8
YULIA OKTAVIA ADING,6,6
DONI HENDRY WIJAYA,6,6
I GDE NGURAH SURYA ADIPUTRA SRIADA,4,4
ANANTO TRI SUDIBYO,8,8
SULESTARI,5,5
ARDIANSYAH,8,8
DICKY WIRAWAN,5,5
FITRI RESNAWARDHANI,4,4
I GEDE WIRAGUNA WIRADARMA,6,6
YANDRES JUNIUS AMALO,5,5
HENDI BUDI FIDRIANTO,4,4
TEGUH PRIATNO,7,7
DANNI ARTHANA S,4,4
YURIDHO FADLIN,6,6
I WAYAN ADI PRANATA,4,4
LAWRA RESTI NESYA,8,8
WIDHIARSO DWI NUGROHO,4,4
ANDI NUR INTAN,5,5
ABY MAULANA,7,7
THEODORUS LUDONG,6,6
DANNY CURIA NOVITAWAN,8,8
MOHAMMAD FAUJI RAHMAT,3,3
NOVAMENA DUHA,6,6
ROBIN PRATAMA,7,7
TISNA P. WIJAYA,7,7
FAJAR YULIYANTO,4,4
ISKANDAR MUDA HARAHAP,6,6
ERWAN MARDIANSYAH T,6,6
TRIDIASTIJOWATI,6,6
JONES DIRK SAHETAPY,2,2
DINA MAULI NOORHAYATI,6,6
BRIYAN ANGGARA,7,7
FIRAS RUKMANA KUSUMA,6,6
REZA PAHLEVI,3,3
SELVI RIYANI,6,6
SIMON GINTING,7,7
SALOMO SAING,6,6
JOHN CHRISTIAN LUMBAN GAOL,3,3
EDMON RIZAL,7,7
WENDY EFRADOT SIHOMBING,6,6
EKA SETIAWATI,7,7
YUDHI SATRIYO NUGROHO,4,4
REZA FAIZAL,7,7
ACI JAYA SAPUTRA,6,6
TEZAR RACHADIAN ERYANZA,5,5
WINDHU SUGIARTO,3,3
BENU ELAMRUSYA,2,2
MONITA,6,6
RAMA TRIRANTY,7,7
NAOMI AMANDA NAWITA HADIYANTO,3,3
ROY ARDIYAN NUR CAHYA,6,6
M. BUSTANUL ARIFIN,4,4
RUSTAM EFENDI P. SIMARMATA,4,4
VANDA SATRIADI PRADIPTA,5,5
RIO FABRY,6,6
ARDITYA BIMA YOGHA,7,7
HANIS ARISTYA HERMAWAN,3,3
SIS SUGIAT,6,6
SITI NUR FATIMAH,6,6
DEDY GUNAWAN,7,8
YUNIARTO,3,3
LORITA T PANE,7,7
EKA RAHAYU,7,7
MUHAMMAD POLDUNG NAEK PARSADAAN DALIMUNTHE,4,4
"YUDI SATRIYO NUGROHO, S.H.",5,3
NURHAYATI,6,6
SONDANG EDWARD SITUNGKIR,7,7
PUJO RASMOYO,5,5
MAHESA PRIYATAMA,5,5
BAMBANG TEJO S,7,7
JOSRON SARMULIA MALAU,5,5
YUKI RAHMAWATI SUYONO,7,7
MOH. RIZAL MANABA,6,6
ABDURACHMAN,1,1
DHIKI KURNIA,5,5
HARWANTO,7,7
RIDHA NURUL IHSAN,6,6
MARINDRA PRAHANDI F,7,7
RISKI HARUNA,7,7
MAMIK INDRAWATI UMI NAIMAH,6,6
ERLIN TANHARDJO,6,6
INDRA RIVANI,3,3
GALUH ENDANG SAFITRI,5,5
NOVIANA WIDIA HASTUTY,6,6
ROBINSON PARDOMUAN,7,7
DICKY ANWAR RIZALDI,2,2
JUNITA SAHETAPY,3,3
AGUS JAYANTO,4,4
ADE MULYANI,6,6
FIRAS RUKMANA,4,4
WENHARNOL,6,6
MUHAMMADONG,3,3
BAYU KUSUMA NUGROHO,4,4
NAUFAL AMMANULLAH,3,3
SABAN HUTAGAOL,2,2
ACEP SUBHAN SAEPUDIN,3,3
PRIMANDA,4,4
ANDIE WICAKSONO,3,3
IRVAN SURYA HARTADI,6,6
SONNY ARVIAN HADI PURNOMO,7,7
ELFA YULITA,3,3
WIDHI JADMIKO,5,5
TAUFIK,6,6
SAI SINTONG PURBA,4,4
ADI NUGRAHA,4,4
RETNO ESTUNINGSIH,6,6
BILLIE CHRISTOPER SITOMPUL,4,4
APRIANI CANDRA CHRISTINA,3,3
DUTA MELLIA,4,4
GEDION ARDANA RESWARI,5,5
JERRY NIKOLAS ALFIDO PATTIASINA,2,2
MUH. ISMET KARNAWAN,6,6
TRI MURWANI,4,4
YAYU DEWIATI,5,5
GEMA WAHYUDI,6,6
LITA WARMAN,3,3
TARTILAH RESTU HIDAYATI,6,6
A .R .KARTONO,5,5
RENY WIDAYANTI,5,5
ARDLI NUUR IHSANI,6,6
DUDY RITOKO,6,6
EEN HOSANA BABOE,6,6
ANDY RACHMAN,2,2
DIAN NOVITA,6,6
AMIRUDIN,4,4
PIETRA YULY F,6,6
I KETUT SUJAYA,4,4
PARAS SETIO,4,4
LISDA HARYANTI,6,6
HENDI SINATRYA IMRAN,5,5
HIKA DERIYA FAJAR RIZKI ASRIL PUTRA,2,2
HERU SURYADMIKO. R,4,4
TEUKU SYAHRONI,6,6
RIVIANTO,6,6
HASRI MARWINDA,5,5
HETTY VERONICA M. SIHOTANG,4,4
YUNIATI UNDARTI,4,4
ICHSAN AZWAR,5,5
PUTRA RAJA R SIREGAR,2,2
RAKHMAD SETIAWAN,6,6
RONIUL MUBAROQ,4,4
BUDI SULISTYO,1,1
M.BUSTANUL ARIFIN,6,6
TRI YUDHA WARDHANA FAMMI,6,6
APRILIANTO SATRIYO WIDI,6,6
YAN OCHTA INDRIANA,6,6
JOHANNES NAIBAHO,5,6
DESIANY,4,4
MERI ANGGRAINI SIREGAR,3,3
RIANTO ADE PUTRA,6,6
DANANG LEKSONO WIBOWO,5,5
MIFA AL FAHMI,6,6
MUHAMMAD ABBY HABIBULLAH,4,4
REFLA OKMANTA,4,4
ASFERI JONI,5,5
JENDRA HADI WIBOWO,5,5
HERY WAHYUDHI,3,3
DANU TRISNAWANTO,4,4
DONI SAPUTRA,4,4
IMAM YUDHA NUGRAHA,6,6
ICHXAN ELXANDHI,3,3
VECTOR MAILOA,6,6
NELSA NURFITRIANI PRATAMA,6,6
AULIA RAHMAN,4,4
MUHAMMAD REZA MURTI,5,5
ELFA FITRI NABABAN,3,3
SEFRI HENDRA,5,5
DYAH AMBARWATI,5,5
PENUNTUT UMUM KEJARI PONTIANAK,6,6
DANU BAGUS PRATAMA,6,6
ERY ADI WIBOWO,6,6
RADITYO,5,5
ADI SETIAWAN,4,4
TONNY RONNY LESNUSSA,3,3
IDA BAGUS PUTU SWADHARMA DIPUTRA,3,3
LA ODE KHAIRUL HAKIM,4,4
BAYU FERMADY,3,3
KUSUMA HADI HARTAWAN,4,4
AGUSTINUS DIAN LEO PUTRA,5,5
ERFAN NURCAHYO,5,5
LILY MARIA YULIS,4,4
I BAGUS PUTRA GEDE AGUNG,6,6
TEGUH ISKANDAR,6,6
KRESNA,6,6
FRANSISCA,6,6
DENDY JOURDY,2,2
M. IKBAL HADJARATI,3,3
LIYA LISTIANA,3,3
DANANG SEFTRIANTO,5,5
SRI HANI SUSILO,4,4
ANDRIS BUDIANTO,2,2
RULLY TRIE PRASETYO,1,1
ANNAS HUDA SOFIANUDDIN,2,2
ARIYANTO NICO PAMUNGKAS,4,4
MARDIYONO,5,5
MOCHAMMAD WACHID ADDRIAN,1,1
RIZKI AGRIVA HAMONANGAN SITORUS,4,4
MIKHA DEWIYANTI PUTRI,4,4
FITRIA ULVA,5,5
AYU PUSPITA SARI,3,3
SUNADI,5,5
HARYANDANA HIDAYAT,4,4
NOVRYANTINO JATI VAHLEVI,3,3
SESCA TABERIMA,5,5
RAISAL EPENDI BATUBARA,2,2
FITRIAN YURISTYAWAN,5,5
DANIEL SITORUS,4,4
RINA MAYASARI,5,5
FAISAL ADHYAKSA,5,5
ISSANDI HAKIM,4,4
LIDYA ROTUA SIMANJUNTAK,3,3
FEDDY HANTYO NUGROHO,5,5
TETI SARASWATI,4,4
RADIAH HASNI D.,4,4
REZA EDIPUTRA,3,3
IRENE ULFA,4,4
SAMUEL LIBELTUS TAMBA,5,5
YUDI ADIYANSYAH,5,5
HERLAMBANG SURYA ARFA'I,4,4
AFRIDA DEWI SAVITRI,4,4
PRAWIRANEGARA PUTRA,4,4
RAHMI AMALIA,5,5
REGINA OLGA MANIK,2,2
MUHAMMAD HABIBI,3,3
RIZKI RAMDHANI,4,4
NINDY AXELLA,5,5
BAGAS PRADIKTA HARYANTO,4,4
URSULA DEWI,3,3
DESMILITA,5,5
HENGKY FRANSISCUS MUNTE,5,5
RISCHY AKBAR SANTOSA,4,4
FUAD FARHAN S,5,5
REINALDO SAMPE,3,3
BINTANG DAVID RISTANTO MANURUNG,5,5
JOHN FREDDY SIMBOLON,4,4
SABAR GUNAWAN HASURUNGAN S,3,3
BETNY SIMANUNGKALIT,2,2
ALFANO,2,2
BAGUS PRIYO AYUDO,5,5
HERU SAPUTRA,4,4
BASTIAN SIHOMBING,5,5
HELMI WAHYU HUTAMA,5,5
QUROTUL AINI S.FARIDA,3,3
I G. GATOT HARIAWAN,4,4
SYAIFUL BAHRI,3,3
ERLINA SAR,5,5
HALIM IRMANDA,3,3
ZK. BAGUS CATUR YULIAWAN,1,1
"ABDURRAHMAN, S.H.",5,1
I KETUT YOGI SUKMANA,3,3
0,3,3
FIKRY ARIGA,5,5
MUHAMMAD ASSAROFI,4,4
HENDRA DWI GUNANDA,2,2
AGUS DARMAWIJAYA,4,4
AJI RAHMADI,5,5
DELFI TRIMARIONO,5,5
ZUBAIDI,4,4
FERNANDO NARA SENDI,4,4
SISKA YULIANITA,5,5
BOBY HARIYANTO HALOMOAN SIRAIT,4,4
RANDI H. TAMBUNAN,5,5
MANTO YESMAN REINALDY SITOMPUL,4,4
JUNI KRISTIAN TELAUMBANUA,4,4
RICKY INDRA GUNAWAN,4,4
ANDRE ORLANDO SIAHAAN,3,3
LUTFIA NAZLA,4,4
MURTI ARI WIBOWO,4,4
ILHAM MISBAHUS SYUKRI,5,5
TIA KURNIADI,5,5
CASPAR O. TANONGGI,4,4
PUTRA RAJA RUMBI SIREGAR,5,5
AL ADIF AGUS SUPRIYONO,5,5
MOCH. TAUFIQ ISMAIL,4,4
DAMAR AJI NURSETO,3,3
REYGA JELINDO,4,4
DOMO PRANOTO,5,5
DESI SEPTINA WATI,4,4
LA ODE MUHAMMAD NUZUL,5,5
ADI SUJANTO,2,2
FERIYANI DUWILA,2,2
MUHAMAD SAFIR,3,3
IVAN YOKO WIBOWO,5,5
"ASNIAR, S.H.",2,2
GUNAWAN,4,4
RUJI WIBOWO,5,5
ROY TUA HAKIM,5,5
ANGGA WIJAYA,5,5
IWAN WINARSO,5,5
RISTA ERNA SOELISTIOWATI,4,4
ARIA PERKASA UTAMA,4,4
ADI PRASETYO,5,5
AHMAD EDY ARIFIN,3,3
WILLIAM JACKSON SIGALINGING,3,3
MUSLIM,5,5
SITI MAIMUNAH,5,5
NURASIAH,5,5
M. NUR FAISAL WIJAYA,4,4
DENI HARTANTO,3,3
A. FADHILAH,3,3
HENDRI ANTORO,2,2
PANTUN MAROJAHAN SIMBOLON,2,2
I MADE LOVI PUSNAWAN,3,3
ERRY FANDY SIREGAR,4,4
CHANDRA RIZKI,2,2
JULIUS ANTHONY,2,2
TIMBUL MANGASIH,4,4
RUDOFL T.P SIMANJUNTAK,2,2
KADEK ASPRILA ADI SURYA,2,2
MUH. SYUKUR,3,3
ANDI NIRWANSYAH,3,3
JANTER APRILIAN MUNTHE,4,4
HAYOMI SAPUTRA,5,5
INDRA MULYAWAN,1,1
ALI HABIB,4,4
ALVONSO MANIHURUK,3,3
WIBISANA ANWAR,4,4
CAKRA NUR BUDI HARTANTO,4,4
M. RIZAL ZIKANNA,3,3
MUHAMMAD ICHSAN SYAHPUTRA,3,3
IDA AYU KETUT SULASMI,5,5
DEWA GEDE ARI KUSUMAJAYA,4,4
SOFIAN,4,4
ARI ISWAHYUNI,5,5
AMRI BAYAKTA,3,3
ANDI PURNOMO,2,2
RIKA BAHRI,4,4
IRSADUL ICHWAN,4,4
SAJIMIN,3,3
LUCKY KOSASIH WIJAYA,2,2
MUHAMMAD BAGAS ANGGIT DP,4,4
ADDA’WATUL ISLAMIYYH,4,4
AFIFAH RATNA NINGRUM,2,2
WISHNU HAYU K,1,1
ITA WAHYUNING LESTARI,4,4
HENTIN PASARIBU,3,3
DIAN AKBAR WICAKSANA,3,3
KENDAR SUDARYANA,4,4
SYAKHRUL EFFENDY HARAHAP,4,4
SUPRIANSAH,3,3
NADIA SEPTIFANNY,4,4
FATMAWATY S. KHALI,4,2
ALFRIWAN PUTRA,3,3
DADAN AHMAD SOBARI,4,4
ABU ABDURACHMAN,4,4
EDI KUSBIYANTORO,4,4
WAHER TULUS JAYA TARIHORAN,2,2
SRI SEPTI HARIYANTI,2,2
NUR AMIN,4,4
SYAFRIL,4,4
DODI IRAWAN,2,2
VALENTINO HARRY PARLUHUTAN MANURUNG,4,4
TAUFAN AFANDI,3,3
MUSHTAQ HUSSEIN,4,4
SARTIKA RATU AYU TARIGAN,3,3
ISNAN FERDIAN,2,3
FAISAL AMIN,3,3
NIDYA EKA PUTRI,4,4
MOH.MUSTAQIM,4,4
AULIA R. RACHMAN,4,4
ROMY ROZALI,4,4
JULIANI BARASILA HUTABARAT,3,3
FAUZAN,1,1
DEDDY IWAN BUDIONO,3,3
RICARDA ARSENIUS,2,2
ROGAS ANTONIO SINGARSA,3,3
HIMAWAN APRIANTO,3,3
MAINA MUSTIKA SARI,4,4
WIDI SULISTYO,3,3
INTAN RIZKI APRILIANI,3,3
PATAR BOB CLINTON,2,2
TOMY MARWANTO,3,3
PAJRI AEF SANUSI,4,4
YAYAN ALFIAN,3,3
AYU DISHA RENATA,4,4
SURYA ABDI JULIANSYAH,4,4
HARYANTO,4,4
DWI YULISTIA,4,4
FARIZ RACHMAN,4,4
ROZALI AFIFUDIN,4,4
IVANA DIAN ANDINI,4,4
LIBERTY S.M. PURBA,4,4
SURYADI,4,4
ALFI NUR FATA,2,2
NI LUH HARTINI PUSPITA SARI,3,3
JODI VALDANO,3,3
SURYO DWIGUNO,4,4
LAMHOT H. SAGALA,4,4
DEVANALDHI DUTA A.P,3,3
RIZKI BUDI WIBAWA,2,2
MILSON SABRONI,4,4
BOMA WIRA GUMILAR,4,4
JEFRY G. LOKOPESSY,2,2
YUNI PRIYONO,3,3
RILKE DJ PALAR,2,2
PANJI SUDRAJAT,4,4
YUDA VIRDANA PUTRA,4,4
KISTI ARTIASHA,4,4
GERRY ANDERSON GULTOM,4,4
M.HERRIS PRIYADI,4,4
MUHAMMAD S. MAE,4,4
MILA GUSTIANA ANSYARI,4,4
YULIANTO ALWI LATIF,4,4
ELI KURNIAWATI,3,3
MANATCHE LASPI CHRISTANTO S,3,3
SRI RAHAYU,2,2
ACHMAD JAYA MUHIDIN,4,4
PANDU NUGRAHANTO,4,4
HERU SURYADMIKO R,4,4
ADI BASKORO,3,3
DIAN MARIO,4,4
BRAMA KUNTORO,2,2
HERI ANTONI,4,4
RENE ANGGARA,3,3
AGUS KURNIA SANDY,3,3
MINDARYU PARTINI,4,4
DODI JAUHURI,4,4
VANESSA YOVITA NAULI,3,3
HERI JOKO SAPUTRO,4,4
WAHYUDIONO,4,4
PUTU OKA BHISMANING,4,4
DODI JAUHARI,4,4
LUCAS JUAN ASHER PANGGABEAN,4,4
BAMBANG ARIF SUSANTO,4,4
WAHYU NUGRAHA,2,2
ADIB FACHRI DILLI,4,4
DANIEL BISARA HOKADE SIMAMORA,3,3
RAHMADANI,2,2
PAHMI,3,3
ABDUL KAHAR,4,4
MOCHAMAD INDRA SAFWATULLOH,4,4
INDRA PERMANA SAKTI SEMBIRING,2,2
ACHMAD YUSUF IBRAHIM,2,2
TOMMY PURNAMA,3,3
FUAD FARHAN SRIYADI,1,1
ASRINA MARINA,3,3
AGUS WIHANANTO,2,2
NI MADE SUASTI ARIANI,3,3
MUHAMMAD PERMATA SAMUDERA,2,2
CHARLES HUTABARAT,2,2
RIAMOR BANGUN,3,3
ALVINA FLORENSIA,3,3
RR. RULIS SUTJI SJAHESTI,2,2
R. JOHARCA DWI PUTRA,4,4
HENRY ELENMORIS TEWERNUSSA,3,3
DWI ANTO VIANTISKA,2,2
MILONO RAHARJO,3,3
IMELDA PANJAITAN,4,4
LAOFIKA NANTA,2,2
ADDA,3,3
EKO WIRA SETIAWAN,4,4
AAN,4,4
BUDHI FITRIADI,4,4
HENLY H. M. LAKBURLAWAL,3,3
ANTON RAHMANTO,4,4
YUSTUS ONE SIMUS PARLINDUNGAN,3,3
HERLINA RAUF,4,4
AGUNG PAMBUDI,4,4
REKAFIT M,2,2
H. DJAINUDDIN RASYID,4,4
SOFYAN RAUF,1,1
MUHAMMAD RUSDI,2,2
FEDI ARIF RAKHMAN,4,4
MUHAMAD MAULUDIN,3,3
CHANDRA ANDHIKA NUGRAHA,3,3
LA ODE MUHAMAD FIRMAN,1,1
I DEWA GEDE SEMARA PUTRA,4,4
READY MART HANDRY ROYANI,1,1
RADEN DIMAS HIDAYATULLAH,2,2
NOVY SAPUTRA,3,3
CAHYADI,2,2
SUPRIADI,2,2
EKA PRASETYADI,4,4
DEDI IRAWAN,2,2
TATA HENDRATA,4,4
NUR SRICAHYAWIJAYA,4,4
PUTRA RIZA AKHSA GINTING,4,4
M. SYARIEF SIMATUPANG,4,4
JAMES EDY SADIKIN,3,3
RAHMI SHAFRINA,3,3
FADILLAH DESRIANVI,2,2
APRIADY MI'RADDIAN,2,2
RINA DWI UTAMI,2,2
ADIK SRI SUMARSIH,2,2
RISTA PERMATASARI,3,3
ANAK AGUNG GEDE HENDRAWAN,3,3
FITRI IRA PURWANTI,2,2
DICKY RACHMAN PERDANA,2,2
NURAINI PRIHATIN,3,3
ENDAH PUSPITORINI,3,3
ZAKARIA SULISTIONO,2,2
CHRISTHEAN ARUNG,3,3
AMIE YULIAN NOOR,3,3
RIANA DEWI,3,3
BUKHARI,2,2
SITI RAHAYU,3,3
SUJADI,2,2
FAETONY YOSY ABDULLAH,3,3
EKO DARMANSYAH,3,3
HERU HAMDANI,3,3
KHRISNA LINTANG SATRIO NUGROHO,2,2
AGUINALDO MARBUN,2,2
FARIS ALMER ROMADHONA,2,2
IMDAD MAHATFA VIRYA,2,2
IMAM HIDAYAT,1,1
DIDIK KURNIAWAN WIDYANTO,3,3
DICKY ANDI FIRMANSYAH,3,3
RIBUT SUPRIATIN,3,3
GUSNEFI,3,3
YOGA BAYA PRAYURISNA,2,2
FEBROW ADHIAKSA SOESENO,3,3
MUHAMMAD SADIQ ANGGARA,2,2
SHAHWIR ABDULLAH,2,2
PASTI LUBIS,3,3
CARLO ROMULO LUMBANBATU,3,3
RINALDY ADRIANSYAH,2,2
OSTAR AL PANSRI,1,1
UWAIS DEFFA I QORNI,2,2
KUSUMA WARDANI R,3,3
ACHMAD ATTAMIMI,3,3
SRI MADONA RASDY,2,2
ANUGERAH CAKRA ANDY ANTO SITUMORANG,2,2
BUDI SETIA MULYA,3,3
FATMAWATI,3,3
UNETA W. PATTIASINA,2,2
FIKI MARDANI,3,3
HERI,3,3
MUHAMAD ARSYAD,3,3
KHUSNUL KHOLIFAH,3,3
RIZKI ALIANSYAH,2,2
SARIFUDIN,3,3
NINIK WAHYUNI,3,3
I NYOMAN HENDRA OKTAFRIADI,2,2
EDY SUSIANTO,3,3
TIORISKA SINAGA,3,3
MUHAMMAD NUR FAISAL WIJAYA,3,3
SITI HADIJAH SUSILAWATI TARIGAN,1,1
FEBYANTI L. SAHETAPY,2,2
IMAM MURTADLO,3,3
AGUNG ARDA PUTRA,1,1
DEVY CRISTIAN,2,2
STEFANO ALEXANDER ARON MARBUN,2,2
MUHAMMAD NENDRI ADIYANTO,3,3
HUBERTUS TANETE,3,3
DEDY IWAN BUDIONO,3,3
KRISTIN SANDITARI PURBA,2,2
YERIZA ADHYTIA,2,2
MHD FAJRIN,3,3
AGUNG SIH W,2,2
AHMAD NURHIDAYAT,3,3
RISCA FITRIANI,3,3
LENI HERLINA,3,3
ELITA CHRISTIE LUMBAN GAOL,2,2
JONI EKO WALUYO,2,2
ALLAN PRATOMO,1,1
ANDANG SETYO NUGROHO,2,2
ARSITO DJOHAR,3,3
PARIT PURNOMO,3,3
YULIANTO ARIWIBOWO,1,1
DESI SUSANTI,2,2
SISWANTO,3,3
DARMILIANTI PERMATA,1,1
SAHITA DEWI,3,3
FRANS MONA,3,3
TEDDY ARISANDI,3,3
FIRMANSYAH,3,3
SYAMSU YONI SUPRAPTO,3,3
REGI SANTOSO,2,2
ARDHANA RISWATI PRIHANTINI,1,1
LIBERTY SAUR MARTUAH PURBA,3,3
R. YURI ANDINA PUTRA,3,3
MARINA TRESYA AYU MEIFANY,2,2
KUNTO TRIHATMOJO,2,2
MOCHAMAD FITRI ADHY,3,3
RENANDA BAGUS WIJAYA,1,1
ARMINTO PUTRA PRATAMA,3,3
DEDEN NOVIANA,2,2
LUCKY SELVANO MARIGO,2,2
FIRMAN WAHYU OCTAVIAN,3,3
MUHAMMAD GEMPA AWALION PUTRA,3,3
ANNY ASYIATUN,3,3
DIMAS PRAYOGA,3,3
ERLINA SARI,3,3
LILIK PUJIATI,3,3
NURSIAH,3,3
DWI RESTI PRABANDARI,3,3
INDAH KUSRINI P.R,2,2
RAHMANIAR TARIGAN,2,2
ANGGRAENI RAHMA HIDAYATI,1,1
IRMA HASIBUAN,2,2
ANDI AMIN SYUKUR,3,3
HASNAH DEWITA HUTAGALUNG,1,1
REZMI ANGGA APRIANTO,3,3
EFRIEN SAPUTERA,2,2
DEDI RIYANTO,3,3
WURYANTO,3,3
EKO HERTANTO,2,2
M UBAB SOHIBUL MAHALI,2,2
ARDO GUNATA,1,1
IVAN DAY ISWANDY,3,3
I WAYAN AGUS WILAYANA,3,3
FUAD ALFANO ADI CHANDRA,2,2
RIKA EKAYANTI,2,2
ARDHIKA WISNUP,2,2
RICO SUDIBYO,3,3
INDAH RIZKIKA BUDIYANTI,1,1
SUJIYARTO,3,3
I KADEK DWI ARITMAJA,2,2
EDI WANSEN,3,3
FERYANDO,2,2
HAJITA CAHYO NUGROHO,3,3
RANDIKA RAMADHANI ERWIN,1,1
RIDHAYANI NATSIR,3,3
DICKY DESTRIENKO,1,1
SUPRITSON,1,1
DENI KURNIAWAN,3,3
EKA YANA PRATIWI,1,1
JOSUHUA GUMANTI,2,2
BAGAS PRASETIO UTOMO,3,3
MARADONA EKA PUTRA,2,2
VERAWATY,3,3
ARIF SURYONO,2,2
ALFANO ARIF HARTOKO,2,2
JULIAN CHARLES ROTINSULU,1,1
ANJAS MEGA LESTARI,3,3
COKI FELANI,1,1
JAYANDA AGUNG RAMADHAN,3,3
AHMAD YANTOMI,2,2
MUCHAMAD ADYANSYAH,1,1
CHALIDA K. HAPSARI,3,3
AFRID SUNDORO PUTRO,3,3
NELY,2,2
IRNAWATI,3,3
INGGRID L. LOUHENAPESSY,2,2
SLAMET PUJIONO,3,3
DIDI ISMARTUNUS,2,2
RAKHMAWATI UTAMI,2,2
MUHAMMAD ZAKIRI,2,2
ALFANI AMALIA MUHTAR,3,3
BHAROTO,2,2
MONITA POHAN,3,3
ISWAN NOOR S.H,3,3
M NUR SURYADI,2,2
DAWIN SOFIAN GAJA,3,3
GUSNELLY,1,1
RUDI SUSANTA,3,3
RADEN ISJUNIYANTO,3,3
MUH. RIVAI S,3,3
ADAM HUTAMANSYAH,2,2
MEY ZIKO,3,3
PUTRA MASDURI,3,3
AHMAD FIRDAUS MUSHOLLIN,2,2
RIKY ALHAMBRA,3,3
TRIWANTO,2,2
MEIDIHAMSI RAKHMATULLAH,3,3
MELUR KIMAHARANDIKA,3,3
ADI HELMI,2,2
ANDI SETYAWAN,3,3
STEFANO,3,3
ATIK ARIYOSA,2,2
FIKRI FAWAID,3,3
ESTI ALDA PUTRI,1,1
BAYU ABDURROHMAN,3,3
FEBRIANTO ALI AKBAR,3,3
M. RUSDI,3,3
ADE LIA AYU PUSPITANING SUWANDI,3,3
ARIE KUSUMAWATI,1,1
DIYAN KURNIAWAN,3,3
ARDINITYANINGRUM DWI RATNA,2,2
ARIN PRATIWI QUARTA,3,3
STIRMAN EKA PRIYA SAMUDRA,2,2
ROBBY RAHDITIO DHARMA,3,3
ENDANG DWI RAHAYU,3,3
I GUSTI NGURAH AGUNG KIWERDIGUNA,2,2
ANDI SALIM,2,2
R IMAN PRIBADI,3,3
TRI HANTORO,3,3
PUJO RASMOYO.,1,1
JOHANSEN S. PARLINDUNGAN,3,3
SABETANIA RAMBA PAEMBONAN,2,2
EKO NURYANTO,2,2
"GALIH MARTINO DWI C, SH",3,3
DEDY CHANDRA SIHOMBING,2,2
ENDRO ADI ANGGORO,3,3
NAUVAL ARBI WIBOWO,2,2
RIVANLI AZIS,3,3
JULIVIA M SELANNO,3,3
SRIWATI ASIS PAULUS,2,2
FURQON KURNIAWAN,2,2
YUNAN PUTRA FIRDAUS,3,3
RIDWAN,2,2
ANINDITIA WIDYANTI,2,2
CAHYANI MELYAWATI,2,2
MICHAEL YUDHISTIRA LUMBAN GAOL,3,3
GUSMILIYANSYA,3,3
WAGIMAN,3,3
BRAM DHANJAYA,3,3
ALFIAN FAHMI NURIL HUDA,1,1
SIGIT ARTANTOJATI,2,2
PALUPI WULANDARI,3,3
FADLAN KHAIRAD PERANGIN ANGIN,2,2
DEVI ANDRE ZUHANDIKA,3,3
JOKO PRAMUDHIYANTO,3,3
MONIKA DIAN ANGGRAINI,3,3
PUTU WULAN SAGITA PRADNYANI,2,2
NI WAYAN DEASY SRIARYANI,3,3
NI MADE AYU OLIN,3,3
ADIEKA RAHADITIYANTO,1,1
TOYIB HASAN,2,2
PRASETIO PERWITO GUMELAR,1,1
WAHYUDI,2,2
KURNIAWAN ANDY NUGROHO,2,2
MOHAMAD QASIM THALIB,1,1
ADI,2,2
NURUL YAKIN,3,3
DIMAS SIGIT TANUGRAHA,3,3
PUJI ASTUTI,3,3
DIANA FEBRITA SARI,3,3
ARI BUDIARTI,3,3
HENDRAWAN SIREGAR,2,2
DEWI MIRNA IDA,3,3
MOHAMMAD FAJARUDIN,2,2
KUKUH PRIMA,2,2
NURBADI YUNARKO,2,2
MARWAN ARIFIN,3,3
MOURTIS PALIJAMA,1,1
NI LUH PUTU WIWIN SUTARIYANTI,3,3
DENNY MAHENDRA PUTRA,2,2
RIFQI PRASETYO YUNIARTO,1,1
DIMAS ADITYA,2,2
NI PUTU EVY WIDHIARINI,3,3
MUHAMMAD AFIF PERWIRATAMA P,2,2
HENDRO SAYAKTI IHSAN BAYUWAJI,1,1
MULIA FADILAH,2,2
I MADE DIPA UMBARA,2,2
BUDI SUSILO,3,3
ANTON LARANONO,3,3
HANDOKO,3,3
TEUKU SYAHRONI SE SH MH,3,3
TRI WIDIYANI AMBARWATI,2,2
ROSANDI SH,3,3
RISKI HARUNA SH,3,3
ELFA FITRI NABABAN SH,3,3
SANGGAM COLOMBUS ARITONANG,3,3
GEDION ARDANA RESWAR,2,2
YUDA DILLIANSYAH,3,3
ROCHYANI B,2,2
"ABDULAH BACHRUDDIN, S.H.",2,2
"HENDRA WAHYUDI, S.H.",1,1
DR. DODY HERYANTO,2,2
EKO WAHYU WIDIYATI,2,2
RAJES AFIFUDIN,3,3
OKKY PRASTYO AJIE,3,3
NUGROHO PRIYO SUSETYO,2,2
ABDULLAH,1,1
ARIFUDDIN,1,1
PINOS PERMANA,2,2
FRANCISKAWATI NAINGGOLAN,2,2
BEATRIX NOVITA TEMMAR,1,1
RENOL WEDI,2,2
RYAN ASPRIMAGAMA,2,2
ANANTA ERWANDHYAKSA,2,2
MUJI ACHMAD MUTHAQIN,3,3
SECRETCHIL E. PENTURY,2,2
ANDY BERNARD D.,2,2
ADHAM ARDHYTIA MANGGALA,1,1
SAIPUL UYUN SUJATI,2,2
DIO SUMANTRI,2,2
SYAIFUL ADENAN,2,2
SUUDI,2,2
AMRULLAH,2,2
TRI NURHADI,1,1
RIYAN PERMANA,1,1
FAJARUDIN SEMAR THAIMIYAH SALAMPESSY,2,2
ROCEBERRY C. DAMANIK,2,2
ALWI MUCHTAR SIREGAR,2,2
BERIZKI FARCHAN H,2,2
MUHAMMAD ERI FATRIANSYAH,2,2
JOHN W. RAYAR,2,2
QORI MUSTIKAWATI,2,2
RICHISANDI SIBAGARIANG,2,2
BAYU KUSUMA NUGRAHA,2,2
ANNA MARLINAWATI,2,2
ARIF BUDIMAN,2,2
AP. FRIANTO NAIBAHO,2,2
VALDY ADHA FIREZA,2,2
M MARWAN JAYA PUTRA,2,2
YULISTINO,2,2
SEFTANIA EKA PEZA,1,1
BRURIYANTO SUKAHAR,2,2
HASUDUNGAN PARLINDUNGAN SIDAURUK,2,2
RAHADIAN MAHARDIKA S,2,2
SUMIARTI DWIPAYANTI,1,1
NENY WURI HANDAYANI,2,2
SYARIFUDDIN NASUTION,2,2
SAMSUL SITINJAK,2,2
DICKY WIRA BUANA,2,2
SUPARLAN HADIYANTO,2,2
RIVA CAHYA LIMBA,2,2
YUDHITA RAMADAN,2,2
DWI JOKO PRABOWO,2,2
RITA OCTAVERA,1,1
JUMIEKO ANDRA,1,1
EVI YANTO,2,2
HAMKA MUCHTAR,2,2
RIKA FITRIA NIRMALA,2,2
TIRZA NATASYA,2,2
A.R. KARTONO,2,2
DEDI JOANSYAH PUTRA,2,2
SATRIO AJI WIBOWO,2,2
SARI YUNI PRAMANTHI,1,1
MUHAMMAD NIZAR,2,2
EKO VITIYANDONO,2,2
EDISON EDWARD FREDY RAJAGUKGUK,2,2
I.A.K.YUSTIKA DEWI,2,2
MUHAMMAD AZSMAR HALIEM,2,2
DWI HARTANTA,2,2
FIRMAN HADI SAPUTRA,2,2
MULYADI NGADIYO,2,2
HENDRA POLTAK TAFONAO,1,1
STEFANO A.A MARBUN,2,2
FERRY DEWANTORO NUGROHO,2,2
JENTI SIBURIAN,2,2
FETTY HERAWATI,2,2
SUSILO,2,2
AZWARDI DERY,2,2
M. JURIKO WIBISONO,2,2
INDRA ABDI PERKASA,2,2
ZIT MUTTAQIN,2,2
ROMY AFFANDI TARIGAN,2,2
HARRY ROYON POLTAK,2,2
ANTON SALAHUDIN,1,1
ASEPTE GINTING,1,1
DOLI NOVAISAL,2,2
SALMON PERES MANALU,2,2
EDWIN,2,2
TRI AGUSTINA AMALIA,1,1
MASUSANTO,2,2
MEIRITA PAKPAHAN,2,2
FAJAR YULIANTO,2,2
SRI MULYANI ANOM,2,2
DYAH RAHMAWATI,2,2
ALFRIVAN PUTRA,1,1
ATIK JULIATI,2,2
DEDY TAULADINI,2,2
LUCAS JOSEPH KUBELA,2,2
MUHAMMAD,2,2
AGUS SYAMSUL A,1,1
ALEX AKBAR,1,1
DENATA SURYANINGRAT,2,2
MUHAMAD RIDUAN,2,2
SUKISNO,2,2
AISHA PARAMITA AKBARI,2,2
OKTARINI PRIHANTI,1,1
SUMARHERTI,1,1
ABDUL HALIM,1,1
PINCE PUSPASARI,2,2
SUHADI,2,2
IWAN ROY CARLES,2,2
FANDI ILHAM,2,2
ALAN ADITYANTA,2,2
KRISTHINA SETYOWATIE,2,2
RUDY KURNIAWAN,1,1
AIDIL FITRIANSYAH,1,1
SAMUEL PANGARIBUAN,2,2
RIAN PRANA PUTRA,2,2
M. ADENAN,2,2
MUHAMMAD ARIEF BUDIMAN,2,2
DEWA PUTU OKA,2,2
BERNHARD R SIAHAAN,2,2
TWENTY PURANDARI,2,2
NANIK PRIHANDINI,1,1
VERAWATY MANALU,2,2
BAYU TEGUH SETIAWAN,1,1
ROBERTUS DAVID MAHENDRA,1,1
IVAN PRADITYA PUTRA,2,2
FAROUK FAHROZI,1,1
BAGUS ADI PRADITA,2,2
JAINUARDY MULIA,2,2
TIGANA BARKAH MARADONA,2,2
SUHARDI,2,2
PUTU DIANA ANDRIYANI,2,2
RESITA FAUZIAH HAKIM\,1,1
WAHYU WIBOWO SAPUTRO,2,2
M. HARIS FIKRI,2,2
ZICO EXTRADA,1,2
YOSEF SIMBOLON,2,2
WIDYA PARAMITA,2,2
RETNOWATI HANDAYANI,2,2
BILAL BIMANTAR,1,1
NADINI CISTA,2,2
HANUNG WIDYATMAKA,2,2
BAMBANG HERU,2,2
YOPENTINU ADI NUGRAHA,1,1
BRIGITTA SETYORINI,2,2
GILBETH SITINDAON,1,1
SUHARJA,2,2
ACHMAD ATAMIMI,2,2
MUGIONO KURNIAWAN,2,2
MARULUTUA J. SITANGGANG,2,2
SAMANDOHAR MUNTHE,2,2
SRI LISTIJO MOERTI,2,2
AGUNGSIH WARASTINI,2,2
EKO YULIANTO,2,2
PURWONO,2,2
AJI SUSANTO,2,2
OKTO SAMUEL SILAEN,2,2
LILIK SETIYANI,2,2
TOTOK ALIM PRAWIRO W,1,1
YOGA RISTAMANA,2,2
FITRI LUWIYAN,1,1
RENI RITAMA,2,2
ANDRIE MARPAUNG,2,2
SYAFRIDA,2,2
IRINA OKTATIANI,2,2
RIDHO SEPPUTRA,2,2
ROMLI MUKAYATSAH,2,2
WISNU JATI DEWANGGA,2,2
SALIMAN,2,2
Z K BAGUS CATUR YULIAWAN,2,2
TAUPIK HIDAYAT,2,2
D. BRAMANDOKO,2,2
JHON KEYNES,1,1
ESSADENDRA ANEKSA,1,1
BAMBANG WAHYU WARDHANA,2,2
JANUAR HAPRIANSYAH,2,2
ROI BARINGIN TAMBUNAN,1,1
MUHAMMAD ZAENUDIN MUSTOFA,2,2
HADI SULANTO,1,1
LINDA AYU PRALAMPITA,2,2
WAWAN RUSMAWAN,2,2
KUKUH NUGROHO INDRA PRAJA,2,2
JUMADI,2,2
GITA SANTIKA,2,2
SETIONO,2,2
SUPINTO PRIYONO,2,2
ASTRY NOVI LIDARTI,2,2
UJANG SURYANA,1,1
SUWARDI,2,2
JOSHUA MARKUS ADRIAN,2,2
MUHAMMAD RUSD,1,1
FAISAL RACHMAN,2,2
"MARGONO
 HIMAWAN SETIANTO",2,2
EVA MEILIA,2,2
I NYOMAN SUGIARTHA,2,2
TRILAKSONO ADHI RAHARJO,1,1
ANDRY SETYA PRADANA,2,2
WINDA MUHARRANI,1,1
HERMAN DERMAWAN,2,2
HEALLI MULYAWATI SURYAHARJA,1,1
LAMHOT EFRIKSON SIBURIAN,2,2
SYECH JULIAN HARTAWAN,1,1
WELLY ANDRIANSYAH,1,1
JIMMY CARTER A,2,2
FITRIA TUAHUNS,1,1
DWI DUTHA ARIE SAMPURNA,2,2
M.RIZAL SIKANNA,2,2
DAVID PANGARIBUAN,2,2
BENNY AVALONA SURBAKTI,2,2
VIDYA MIRA SARI,2,2
JOICE E. MARIAI,1,1
SRI HARYATI,2,2
SITI HALIMATUN,1,1
ROMI JOHANES,2,2
ZAINAL ABIDIN SALAMPESSY,1,1
J.HUTAGAOL,2,2
INDRA S.E. HASIBUAN,2,2
EKO WAHYU PRAYITNO,2,2
ANDI ARDIANI,1,1
SEPTIAWAN RIDHO PERMADI,2,2
ANDI MANAPANG TIMBUL JONATHAN,1,1
NI PUTU PARWATI,1,1
NUR HENDAYANI NASUTION,2,2
ETY BOEDI HARTININGSIH,1,1
UTAMI GUSTINA,2,2
ANDI ICHLAZUL AMAL,2,2
RADIMAN,2,2
EDGAR HUBERT DEARDO,2,2
TAMADO DONMES,1,1
SAIFUL ANWAR,2,2
LUH PUTU DENNY WITARI,1,1
MOHAMMAD KABUL,2,2
INDAH YOELANDA,2,2
IDA AYU MADE YUNI ROSTIAWATY,2,2
AMRU E. SIREGAR,2,2
HENGKY SETIAWAN KAENDO,2,2
PRASETYA DJATI NUGRAHA,1,1
WAZIR IMAN SUPRIYANTO,2,2
MUHAMMAD IQBAL PRAMUDANI,2,2
ARUM KURNIA SARI,2,2
ERICHA CAHYO MARYONO,2,2
LALU RUDY GUNAWAN,2,2
ADRIAN WAHYU RAMADHAN,2,2
AZMI NOVENDRI,1,1
IWAN KURNIAWAN,2,2
FIKRY FACHLEVI,2,2
YUNITA LESTARI,2,2
A.GHUFRONI,2,2
DEISI MAGDALENA GULTOM,2,2
ACEP KOHAR,1,1
SAEFUL UYUN SUJATI,1,1
RIFKA CANDELA SIHOMBING,2,2
MUTIARA FAJRIN MAULIDYA MOHAMMAD,1,1
HENDRO SAYEKTI,2,2
EKO PURWANTONO,2,2
AGUS EKO WAHYUDI,1,1
ANDRIAN UMBU SUNGA,1,1
ADIN NUGROHO PANANNGALIH,2,2
MUSTIKA DARAYUANTI,2,2
SURYAMAN TOHIR,1,1
MULYADI,2,2
SUPRAPTO EKO PRASTIO BIN YATIMIN,1,1
FAJRIN IRWAN NURMANSYAH,2,2
BAIQ IRA MAYASARI,1,1
SUDARMADI,2,2
I KOMANG PRASETYA,1,1
K.N. KUSUMA,2,2
MADE RAY ADI MARTHA,1,1
LORITA TUPAIDA PANE,2,2
YULI PARTINI,2,2
PRIMA GUNAWAN HANDIBRATA,2,2
JOSUA TUA HAMONANGAN MANURUNG,2,2
NURHADI,1,1
KUO BRATAKUSUMA,2,2
KUKUH YUDHA PRAKASA,2,2
AGA WIRANATA,1,1
IT BUDIYANTO,2,2
MUHAMMAD MIFTAH WINATA,2,2
FEBRINA SEBAYANG,2,2
NOVA MARGARETTA,2,2
ZULFIKAR AR RIZKI AKBAR,2,2
AP.FRIANTO NAIBAHO,2,2
SAMUEL LEBELTUS TAMBA,2,2
CEPY INDRA GUNAWAN,1,1
IRMA,1,1
GEDE MAULANA,2,2
AMIRUDDIN,1,1
MONICA SEVI HERAWATI,2,2
HENDRO SAYAKTI,1,1
MUHAMMAD HARUN AL RASYID,1,1
LILIA HELUTH,2,2
M. REZEKI KURNIAWAN,2,2
MUHAMMAD SAKTI SUKMAYANA,1,2
INDRA APRIO HANDRY SARAGIH,2,2
PAULUS HERDIANTO MANURUNG,1,1
AGUS,1,1
A SATYA ADHI CIPTA,2,2
LUH PUTU ESTY PUNYANTARI,2,2
RETA RUSYANA PRIMADANI,1,1
DESSY ISWANDARI,2,2
DEZI SETIAPERMANA,1,1
REZA SAFETSILA YUSA,2,2
MAHESTI CAHYA ALIM,2,2
SHARIIF IMADUDIIN,2,2
JOSECAC I ITANG,2,2
MUH. AKRAM SYARIF HAYYI,2,2
ANGKAT POENTA PRATAMA,1,1
AHMAD ARDHIANSYAH,2,2
RISKO LIVARDI,1,1
ANUGERAH RISKI PUTRA,1,1
ABDULLAH MUHAMMAD IHSAN,2,2
ELLY SYAFITRI HARAHAP,1,1
YULIATI,2,2
BARON SIDIK S,2,2
W. ERFANDY KURNIA RAHMAN,2,2
SUKOCO,2,2
ANDI ABDUROZZAK RIFAN,1,1
KETUT BUDIANTI,2,2
ITO AZIZ WASITOMO,2,2
SELVIA. G.A.HATTU,2,2
TERESIA DELIANA BR TARIGAN,1,1
RAFFLES DEVIT NAPITUPULU,1,1
VIVI NILA SARI,2,2
IKHWAN RATSUDY,2,2
VERA SENJARIA,2,2
MUHAMMAD AHEGA WIKANTRA,2,2
M A AGUNG S.FAIZAL,1,1
NARA PALENTINA .N,2,2
YUDHA WARTA PRAMBADA,2,2
NOVITA MAHARANI,2,2
WESLI SIRAIT,2,2
"MARIANUS MENDROFA, S.H., M.H",1,1
NINIK INDAH W,2,2
PUJIASTUTININGTYAS,2,2
IRAWATI,1,1
LUSITA AMELIA RAFLIS,2,2
ARIEF WIRAWAN ATMAJA,2,2
AFLIANDI,2,2
NURROCHMAD ARDHIANTO,2,2
DIZKI LIANDO,2,2
HAPPY C. HUTAPEA,2,2
DODDY SUSANTO,2,2
NONA VERA KRISTANTY HEMATANG,2,2
HULMAN ERIZAN. SITUNGKIR,2,2
AGUSTINUS PERANGIN-ANGIN,2,2
PURKON ROHIYAT,1,1
MUHAMAD HERIADI,2,2
LA ODE ABDUL SOFIAN,2,2
TITO SUPRATMAN,1,1
ABDUL RAHMAT GAFOER,2,2
TRIAN YULI DIARSA,1,1
MALINO PRANDUK,2,2
FADLY ALAMSYAH SAFAA,2,2
IRSAN ZULFIKAR DJAFAR,2,2
STEVEN KAMEA,2,2
RADEN AYU RITA NURCAHYA,2,2
HAKIM ALBANA,1,1
SUKARNO,2,2
LYNA PRIMASARI D,2,2
HAFIS MUHARDI,1,1
JUNAEDY,2,2
NOVI RIZKA PERMATA SARI,2,2
VICTOR RAYMOND YUSUF,2,2
AMRIZAL R. RIZA,1,1
RNA INDIRA RATIH,1,1
MUSRIHI,2,2
SUMARNI LARAPE,2,2
JUL INDRA DHANA NASUTION,2,2
RADOT PARULIAN,2,2
YUSNAENI,1,1
LA ODE RUBIANI,1,1
DISTA ANGGARA,2,2
PETTY DYAH PERMATA,1,1
LAILANI RAHMA INDAH,1,1
NUGROHO TANJUNG,2,2
ARIEF RAMADHONI,2,2
KOKO ROBY YAHYA,2,2
HAMDANAH,2,2
ADITYA TODING BUA,2,2
FARIDS DHESTARASTRA,2,2
ZANUAR IRKHAM,2,2
PARMANTO,2,2
YERRY TRI MULYAWAN,1,1
FAJAR NURHASDI,1,1
WISNU NGUDI WIBOWO,1,1
RAKHMAD HARI BASUKI,1,1
AMINAH MUSTAFAH,1,1
I PUTU GEDE DARMA PUTRA,2,2
MUHAMMAD DASIM BILO,2,2
AHMAD SUDARMAJI,2,2
M. KARYADIE,1,1
SITI SAWIYAH,2,2
YERLI FITRISIA FRISILLA,1,1
I DEWA NYOMAN WIRA ADIPUTRA,2,2
I DEWA AYU WAHYUNI MESI,2,2
IDIAL,1,1
I PUTU SUGIAWAN,2,2
PUTU AGUS ADNYANA PUTRA,1,1
ASSRI SUSANTINA,1,1
GITA NUZULA ALLAMAH,2,2
MUHAMMAD HERU YUSTIANTO,1,1
EDDY ARTA WIJAYA,1,1
PENGKI SUMARDI,1,1
NI LUH WAYAN ADHI ANTARI,2,2
FELLY KASDI,1,1
NI MADE DESI MEGA PRATIWI,2,2
EKKE WIDOTO KHAHAR,1,1
MUHAMMAD KENAN LUBIS,1,1
ANJAR PURBO SASONGKO,2,2
NOOR MARIA ULFA,2,2
SATRIA AJI NUGROHO,1,1
PITO RIEZKI DEWANTARA,1,1
GIGIH BENAH RENDRA,2,2
HEPPIES M.H. NOTANUBUN,1,1
UGIK RAMANTYO,2,2
RIVALDO VALINI,1,1
ALI SOEGIONO,2,2
"MOKHSIN UMALEKHOA, SH.MH",2,2
M.BUSTANUL ARIFIN.,1,1
SATRIYA SUKMANA,2,2
"KADEK AGUS DWI HENDRAWAN, SH",2,2
SHANDRA FALLYANA,2,2
BERIZKI FARCHAN HANDHITAMA SH,2,2
AUGUSTINA I.P. UBLEEUW,2,2
PUJIYATI SH,2,2
SITI MUTOSI'AH,2,2
ALFREDO P. DAMANIK,2,2
DIDIK MULYO NUGROHO,2,2
ADHITYA YUANA,2,2
FATTAH AMBIYA FAJRIANTO,2,2
M. ARIEF UBAIDILLAH,1,1
YAN SUBIYONO,1,1
NUR RACHMANSYAH,1,1
ROH WIHARJO,1,1
MUHAMAD BAYU SEPTIAN,1,1
RIZAL PRADATA,1,1
ANDI ROSADI HAMRI,1,1
AYU WAHYUNI WAHAB,1,1
SUYITNO BIN ATIM,1,1
RAWATAN MANIK,1,1
YULIANUS MARIO APRIANTO WETO,1,1
BARRY SUGIARTO,1,1
WARTONO,1,1
HENDRAWAN,1,1
FIRDAUS,1,1
MUHAMAD S. MAE,1,1
WENDRA SETIAWAN,1,1
FEBRI DWI YANTO,1,1
ADITYA DWI JAYANTO,1,1
DANI K DAULAY,1,1
DWIANA MARTANTO,1,1
MUH RIVAI S,1,1
CHRISTIAN SINULINGGA,1,1
NIKO SITANGGANG,1,1
NUR HANDAYANI,1,1
AGUS KURNIAWAN,1,1
MARKUS JEMI PASANDE,1,1
HERDIAN MELDA KSATRIA,1,1
FAUZI MUNTAHA HILMIE,1,1
GILANG PRASETYO RAHMAN,1,1
SULTONI,1,1
ARGANDY WAHYUNTORO,1,1
PRIYA AGUNG JATMIKO,1,1
DHANIYA PUTRA PRAWIRA,1,1
SURYANINGSIH,1,1
MARY YULIARTY,1,1
YUSUF AKBAR AMIN,1,1
NUR SANTI,1,1
OCTAVIA ROULI MEGAWATY,1,1
MELUR K,1,1
BAMBANG NURDYANTORO,1,1
ZUHRI EKO PRIBADI,1,1
HENDRO S.I.B,1,1
ICHWAN FIRMANSYAH,1,1
SORAYA,1,1
YOGO NURCAHYO,1,1
YOSEF UMBU HINA.M,1,1
RESTYANA WIDYANINGSIH,1,1
PUTU EKA WISRI DARMAYANTI,1,1
NOVITA ANGGRAINI,1,1
JULI HARTONO,1,1
ANANTA ERWANDHYAKSA.,1,1
RIZKIA RATNASARI,1,1
NUR AENI BURHANUDDIN,1,1
M. FARAKHAN MAGHRIBY ABDULLAH,1,1
DIDI ADITYA RUSTANTO,1,1
WARTOYO UTOMO,1,1
LENDO PARDAMEAN SAMOSIR,1,1
YOSEPHUS ARY SEPDIANDOKO,1,1
PARULIAN KERTAGAMA,1,1
YUDIE ARIEANTO TRI SANTOSA,1,1
MOHAMAD MAHDY,1,1
JULIUS MICHAEL BUTARBUTAR,1,1
25.000.000,1,1
JONATHAN BERNADUS NDAUMANU,1,1
GILANG GEMILANG,1,1
FLORENCIA TIMBULENG,1,1
HAFIDI,1,1
IKRAM,1,1
CHATERINA .O.LESBATA,1,1
FEBIANA WILMA SORBU,1,1
DAVID S HALOMOAN MANULANG,1,1
SURYA RIZAL HERTADY,1,1
LILA YURIFA PRIHASTI,1,1
ACHMAD RISMADHANI KURNIAWAN,1,1
BEATRIX. N TEMMAR,1,1
RYKO FEBRIANDO,1,1
ARGA BRAMANTYO CAHYA SAHERTIAN,1,1
YUDIKA FERINANDO SORMIN,1,1
LILIA HELUT,1,1
AIZIT P. LATUCONSINA,1,1
RULY HARYANDRA,1,1
INDAH PUSPITARANI,1,1
SAEPUL UYUN SUJATI,1,1
ILHAMD WAHYUDI,1,1
FAISAL CESARIO A,1,1
AVI YUANTO,1,1
MUHAMMAD FADHIL,1,1
DJOKO SUSANTO,1,1
DESTI ERMAYATI,1,1
YADI KURNIAWAN,1,1
M. YUDHI GUNTARA EKA PUTRA,1,1
IRVAN KHASBI ASSIDIQI,1,1
RA DHYNY ARDHYANY,1,1
S. SIREGAR,1,1
IWIN SURTINING,1,1
BUDI RAHARDJO,1,1
ARDI HERLIANSYAH,1,1
RIZKY RAMADHAN,1,1
ACHMAD SOEDJAJANTO,1,1
RM. INDRA ADITYO SAMKUSUMO,1,1
MUH. FAHMI MIRZA BARATA,1,1
KOESHARTANTO,1,1
AB BAYU PURWO S.K.Y,1,1
GILAR SURYANINGTYAS,1,1
RM. INDRA ADITYO SAMKUSUMO.,1,1
YOGA ADHYATMA,1,1
RIZQI HAQQUAN,1,1
TITO DIKSADRAPA ADITYA AS,1,1
JODI ANDREWIRAWAN H.,1,1
IRAWAN SOEHENDRA,1,1
WILLEM MAIRUHU,1,1
FERRYAN MUHAMMAD DAFA,1,1
HADI NUR,1,1
M. KEMAL PASHA ZAHRIE,1,1
FUAD ALFANO,1,1
ROMANNA DEBORA MEILIANI MARPAUNG,1,1
LIA HAYATI MEGASARI,1,1
REZA ANDIKA,1,1
DEDDY FAISAL,1,1
FRANSISCA NORDMA YULITA SIRAIT,1,1
CHRISTIAN DIOR PARSAORAN SIANTURI,1,1
DIAH RATRI HAPSARI,1,1
DEVY SURYANI,1,1
YANTI AGUSTINI,1,1
DESNA INDAH MEYSARI,1,1
SILFANUS ROTUA SIMANULLANG,1,1
GINA OLIVIA,1,1
ALDININGGAR PANDANWANGI,1,1
ICO ANDREAS HATORANGAN SAGALA,1,1
ANDRE CHRISTIAN,1,1
REZA BADIA SIRAIT,1,1
HIMAWAN APRIANTO SAPUTRA,1,1
DENI PARDIANA,1,1
ANRIO PUTRA,1,1
FARIDA HARIANI,1,1
AHMAD FAHRUDIN,1,1
YUNI ADITYA ADHANI,1,1
COK SATRYA ADITYA,1,1
MUCHLIS NURHAKIM,1,1
PRASETYO PRISTANTO,1,1
FREDERIKUS EDWIN LAWANTO,1,1
HADE RACHMAT DANIEL,1,1
LILIK DWY PRASETIO,1,1
EMMI F MANURUNG,1,1
FRANSISKA PANGGABEAN,1,1
YAN PERDANA,1,1
BAMBANG HERU S.,1,1
RIS PIERE HANDOKO,1,1
BERNHARD ROTUA SIAHAAN,1,1
MONA SITI H SIMANJUNTAK,1,1
DENI MUSTHOFA HELMI,1,1
PERY KURNIA,1,1
RIKI SAPUTRA,1,1
SRI WAHYUNI,1,1
EKA PRASETYA,1,1
TOHOM HASIHOLAN,1,1
RLIN TANHARDJO,1,1
HANUNG DANU PUTRANTO,1,1
AFDOL GUNTUR NASUTION,1,1
SLAMET SANTOSO,1,1
ANDY SUNARTEJO,1,1
DEDYNG WIBIYANTO ATABAY,1,1
DED YNG WIBIYANTO ATABAY,1,1
ELAN JAELANI,1,1
IDA MADE OKA WIJAYA,1,1
LEINDRIZA,1,1
TENGKU IMAM MULHAKIM,1,1
ARISTO VARIAN SAHUPALA,1,1
ROSHIAN ARGANATA,1,1
IRFAN SASTRA DWI PUTRA,1,1
ARICO NOVI SAPUTRA,1,1
YUSNAR YUSUF HASIBUAN,1,1
RICI VERDIANSYAH AMRI,1,1
HASNAH,1,1
BAMBANG SUBIYANTO,1,1
SHUBHAN NOOR HIDAYAT,1,1
AYU SUSANTI,1,1
I'IN LINDAYANI,1,1
TESY,1,1
ZURWANDI,1,1
MORA SAKTI,1,1
UNETA WELHELMINA PATTIASINA,1,1
ZAINAL,1,1
EVA CHRISTINE,1,1
WARDIANTO,1,1
HERU YUNIATMOKO,1,1
PRADIPTA PRIHANTONO,1,1
ENDRA ANDRI PARWOTO,1,1
ANDI TYAS TRI WIBOWO,1,1
JODHI KURNIAWAN,1,1
NOVITA ELNARESA.,1,1
BAYU UTOMO,1,1
JEFFREY PARULIAN LIMBONG,1,1
TABAH SANTOSO,1,1
MELHADI,1,1
NI LUH PUTU MIRAH TORISIA DEWI,1,1
IMAN FIRMANSYAH,1,1
DIYAH PUTRI KUSUMA WHARDHANI,1,1
MILITANDITYO ALFATH ARVIANSYAH,1,1
MUHAMMAD RIZKY PRATAMA SAPUTRA,1,1
JUNAIDI ABDILLAH SIREGAR,1,1
BAYU AJI PRAMONO,1,1
OKKY FATHONI NUGRAHA,1,1
ACEP VIKI ROSDINAR,1,1
HERMAN HIDAYAT,1,1
DENI SUSANTO,1,1
KRISNANDAR,1,1
NUR AFRIDA,1,1
JUNETA W. PATTIASINA,1,1
KI AGUS ANWAR,1,1
CHANDRA IRAWAN,1,1
DEDI SARAGIH,1,1
JOHAN SATYA ADHYAKSA,1,1
ANDALAN ZALUKHU,1,1
NINING DWI ARIANY,1,1
ENY SULISTYOWATI,1,1
NENENG TIA SETIANINGSIH,1,1
OKI PERMANA,1,1
MUHAMMAD REZA REVALDY,1,1
MICHAEL ESLO SIPAYUNG,1,1
LEHAVRE ABETO HUTASUHUT,1,1
DEVY PRAHABESTARI,1,1
SIGIT SUBIANTORO,1,1
HETTY VERONICA MAGDALENA SIHOTANG,1,1
JIMMY ANDERSON,1,1
FEBYANTI LIENTJE SAHETAPY,1,1
ADITYA PRATAMA PUTRA,1,1
IWAN SOFYAN,1,1
COKI FELANIK,1,1
YETTY F,1,1
MARDIANA DELIMA,1,1
INDAH KUMALA DEWI,1,1
M. FAJAR PRAWITAMA,1,1
AANTOMO,1,1
FERA AFRIYANTI,1,1
MISRIANTI,1,1
YETTY FEBRI ANDINI,1,1
DWI INDAYATI,1,1
MUHAMMAD HENDRI ADIYANTO,1,1
ERNA TRISNANINGSIH,1,1
ADE CANDRA OCTAVIA,1,1
AGUS SISWANTO,1,1
MAYORUDIN FEBRI,1,1
FANNY FANAYANTI,1,1
MUNAWIR,1,1
HETTY VERONICA M SIHOTANG,1,1
DICKY JAFAR MULYADI,1,1
SILVIA RUSDI,1,1
HERA RAMADONA,1,1
TIGOR APRED ZENEGER,1,1
500,1,1
ROBBY RAMADHAN ABDI PRANATA,1,1
AGUNG VIOGAMA PRANANDA,1,1
GUSTIRIO KURNIAWAN,1,1
NINDI ANGGRAINI,1,1
ERWAN MARDIANSYAH,1,1
MOHAMMAD HARTONO,1,1
YAN ALDI AYYUBIE,1,1
GIRDO CAESAR FERARY,1,1
JHON M PURBA,1,1
JEMMY SANDRA,1,1
MUHAMMAD JAUHARI,1,1
SUPRIANSYAH,1,1
YUNIAR,1,1
AYU SORAYA PUTRI,1,1
T. HARLY MULYATIE,1,1
NURAINY LUBIS,1,1
APDIANSYAH TOPANI,1,1
RITA FEBRIANA,1,1
GLENDY RIVANO,1,1
NASIKAH,1,1
ANRINDA LUBIS,1,1
TERRI KRISTIANTI,1,1
M. RISANDI ELPIANDA,1,1
MUHAMMAD FADLY,1,1
RIDHO HARIAWAN PRABOWO,1,1
ROYAL SITOHANG,1,1
DARMADI EDISON,1,1
MUCHAMMAD ARIFIN,1,1
NIKU SENDA,1,1
"ABDULLAH ARBY
 SAHITA DEWI",1,1
HAFIDZ ARIZA RAHMAN,1,1
M. FIDORAYUCI WAHALINDRA,1,1
M. HAIKAL HAFIDH,1,1
AKHMAD KHOIRUL,1,1
R YURI ANDINAPUTRA,1,1
HASNIYANTI RIZKY MULIA,1,1
BAMBANG DWI SAPUTRA,1,1
DANANG SUCAHYO,1,1
AFIFUL BARIR S,1,1
ANGGRAENI RAHMA H,1,1
FERY FEBRIANTO,1,1
IWAN DARMAWAN,1,1
BENI PRIHATMO,1,1
DWI ENDAH SUSILOWATI,1,1
BEKTI WICAKSONO,1,1
JASULI ALIAS PAK ULAN BIN ABDUL ROZAK,1,1
NANDA YOGA ROHMANA,1,1
MARTIN ADIL RIKO HAREFA,1,1
RIYAN WIDYA PUTRA,1,1
ENDANG PUJIASTUTI,1,1
IRFAN SUSILO,1,1
ASPI RIYAL JULI INDARMAN,1,1
TRI SUMARSIH,1,1
THERESIA TRI NUGRAHA BUDI UTAMI,1,1
LANGGENG PRABOWO,1,1
INDRA PURNAMAWATI,1,1
AULIA HAFIDDZ,1,1
FARISAL KURNIAWAN AKBAR,1,1
MUHAMMAD ADITYA PRATAMA PUTRA,1,1
RIMIN,1,1
EKO NUGROHO,1,1
KRISNA DEWITA,1,1
ADDA’WATUL ISLAMIYYAH,1,1
NELLY,1,1
GALANG NUGRAHANING TUNGGAL,1,1
JOHANNES EKO S. JUNIOR SIDABUTAR,1,1
DICKY SAPUTRA,1,1
YUSWARI HANDOKO BIN YUSWANTO,1,1
SUSILOWATI HERNADININGSIH,1,1
EWILDA SISKA AFRINA,1,1
SATENO,1,1
SEPTIAN TRI YUWONO,1,1
JOKO KRIS SRIYANTO,1,1
MAIMAN LIMBONG,1,1
DAUD WALUYO POHAN,1,1
WISNU MURTOPO NUR MUHAMAD,1,1
ESTER WATTIMURY,1,1
WAN GILANG FERDIAN,1,1
DIMAS DWINOFANTO PUTRA,1,1
INDRA GUNAWAN,1,1
RUDI WINARTI,1,1
FAHMI IDRIS,1,1
YULI WIDIOWAT,1,1
HARIS FADILLAH HARAHAP,1,1
EKA ILHAM FERDIADY,1,1
DODIK HERMAWAN .,1,1
SULISTYO HADI,1,1
BILLIE ADRIAN,1,1
DESI PERMATASARI POHAN,1,1
WILSA RIANI,1,1
TEGUH ARIAWAN,1,1
FITRI RACHMAWATI,1,1
SITI PURWATI,1,1
MAYA ARINI TUASIKAL,1,1
KUPIK SULAENI,1,1
"ADI NUGRAHA
 ABY MAULANA",1,1
NORMA DHIASTUTI,1,1
AGNESIUS SAUD HOLOMOAN NAPITUPULU,1,1
JEREMY EMMANUEL,1,1
MOH. SUKRON,1,1
EFRITA,1,1
SETYAWAN JOKO NUGROHO,1,1
IRMA HASIBUAN &.RAHMANIAR TARIGAN,1,1
KARYONO,1,1
CRISTIAN ERRY WIBOWO M,1,1
AGIL JANURI UTOMO,1,1
RESKY PRADHANA ROMLI,1,1
RAMDHANI,1,1
RENI SAVIRA UTAMI,1,1
GOMGOMAN H SIMBOLON,1,1
NASRUDDIN,1,1
N.KRISTIN A,1,1
R. INDRA SENJAYA,1,1
BETANIA F. SITANGGANG,1,1
LINDU AJI SAPUTRO,1,1
MALIKUL ADIL,1,1
RUMONDANG SIREGAR,1,1
ADDA'WATUL ISLAMIYYAH,1,1
DODIK HERMAWAN,1,1
EKA ROSE INDRAWATI,1,1
SEFITRIOS,1,1
HARYONO,1,1
DEDY SAPUTRO SYARAS,1,1
NANUK WIJAYANTI,1,1
ANGGA PANDANSARI PURWANTO,1,1
IDA FITRIYANI,1,1
IMELDA IRIANTI SIMBIAK,1,1
DIECKY E.K ANDRIANSYAH,1,1
BAMBANG SUMARSONO,1,1
DITTA ARDIAN,1,1
LALU MOHAMAD RASYIDI,1,1
ANANG SETIAWAN,1,1
BAGUS AHMAD FAROBY,1,1
FIQHI ABDILLAH BASWARA,1,1
MU'ANAH,1,1
NOVIE AMALIA NUGRAHENI SH MH,1,1
WARTONO UTOMO,1,1
CHRISPO M.N.SIMANJUNTAK,1,1
NURIKE RINDHAHAYUNUNGPINTRA,1,1
SAPTANTI LASTARI,1,1
YOGI BUDI ARYANTO,1,1
SRI TATMALA WAHANANI,1,1
BINTANG SIMATUPANG,1,1
MOHAMMAD KEMAL PASHA ZAHRIE,1,1
RENNY SOFYANI,1,1
HATMA ADITYA JANANURAGA,1,1
AGUSTINUS GABRIEL RANTE UBLEEUW,1,1
SUPRIHATINI,1,1
FAHRI RAHMADHANI,1,1
EDDY PURWANTO,1,1
"SUJIYARTO
 TRIMO",1,1
HERU SANDIKA TRIYANA,1,1
"MUCHAMMAD ALBAR EL FAJRY
 EMI NUGRAHENI SOLIHAH",1,1
"BENI PRIHATMO
 MARGONO",1,1
HANDAYANI EKA BUDHIANITA,1,1
BENNY UTAMA,1,1
DJATMIKO SOESILO MARGONO,1,1
MEITRI LISTYONINGRUM,1,1
SEPTIYANA RAHAYU,1,1
ANAK AGUNG GEDE AGUNG KUSUMA PUTRA,1,1
IKHWAL ZAINUL,1,1
JIHANTO NUR RACHMAN,1,1
NURIKE RINDHAHAYUNINGPINTRA,1,1
VERDIAN RIFANSYAH,1,1
SOEDHARMANTO,1,1
GANIES AULIA RAMADHA,1,1
BHETI WIDYASTUTI,1,1
SURYANI,1,1
MUHAMMAD GIBRAFIL FAHLEVI,1,1
ALEXANDER RANTE LABI,1,1
HENDRIK SIKTEUBUN,1,1
LUTHFAN AL-KAMIL,1,1
DESTRIA ELVIANA,1,1
FREDDI WIRYAWAN,1,1
ANDI ABDURROZZAK RIFAN ADHA,1,1
TIGOR U. M. SIRAIT,1,1
DANIEL TULUS MARULITUA SIHOTANG,1,1
BENY HARKAT,1,1
KUSTRIYO,1,1
YUSUF LUQITA DANAWIHARDJA,1,1
JAMANURI,1,1
JUNIOR WILLEM JOHN LATUMETEN,1,1
DEBBY GUNAWAN,1,1
ARDIAN JUNAEDI,1,1
MELATI WARNA DEWI,1,1
FACHRI DOHAN MULYANA,1,1
I GEDE HERY YOGA SASTRAWAN.,1,1
RIDHAYANI NATSIRB,1,1
A.A. NGURAH WIRAJAYA,1,1
FERRY HARY ARDIANTO,1,1
ERLY ANDIKA,1,1
WILLY FEBRI GANDA,1,1
HERU PUJIONO,1,1
GUNTUR ARIEF WITJAKSONO,1,1
I KETUT HASTA DANA,1,1
DANIEL SURYA PARTOGI,1,1
HENGKI CHARLES P,1,1
ANDHI SUBANGUN,1,1
NURHENDAYANI NASUTION &.PUTRA MASDURI,1,1
TINIK PURNAWATI,1,1
DWI WARASTUTI RAHAYU,1,1
JOHN FRANKY YANAFIA ARIANDI,1,1
ANDI DIAN KUSUMA LANTARA,1,1
WENNYS KARTIKA PUTRI,1,1
VINI ANGELINE,1,1
EDDIE SOEDRADJAT,1,1
WAWAN WITANA,1,1
DWI FEBRI NURHANANTO,1,1
AGUSTINI,1,1
RIKA FITRIANIRMALA,1,1
A.R.KARTONO,1,1
PINTAR SIMBOLON,1,1
AGUNG HARI INDRAYUDATAMA,1,1
THERESIA DELIANA BR TARIGAN,1,1
MUFLIH GUNAWAN,1,1
DENI MULYAWAN,1,1
ADIN NUGROHO PANANGGALIH,1,1
MUHAMMAD BAYU SAGARA,1,1
CINTYA DWI SANTOSO CANGI,1,1
STENDO SITANIA,1,1
SURYA HARTARTO PURWOWIBOWO,1,1
RELA PUTRI TRIANINGSIH,1,1
DEKA FAJAR PRANOWO,1,1
A.A. GDE YOGA PUTRA,1,1
AGUS R SENJAYA,1,1
YUSUF KURNIAWAN ABADI,1,1
M. JUNAIDI HASAL,1,1
DIAN LARALIKA FILINTANI,1,1
HANDOKO ALFIANTORO,1,1
RONNY BONA TUA HUTAGALUNG,1,1
BELLA SEPTI LESTARI,1,1
DEDY ZAKASYU RACHMAN,1,1
M. NUR SURYADI,1,1
RAKHMAT,1,1
ELIANUS YUSAK TOMASOWA,1,1
CIKA SILVIA PUSPA CHRISTINA,1,1
REVANGGA PASTIYO,1,1
HENDRYKO PRABOWO,1,1
ENGGAR AHMADI SISTIAN,1,1
SUYANTO,1,1
ARIO WIBOWO,1,1
LADY JOJOR ULIMA NAINGGOLAN,1,1
HEIRIL ISWANDI,1,1
EDI TANTO PUTRA,1,1
000.000.000,1,1
MUJIB SYARIS,1,1
IKHWAN IKHSAN,1,1
IWAN SETIADI,1,1
KETUT ARI SANTINI,1,1
SUSIANIK,1,1
RIRIN SUSILOWATI,1,1
IPE WIRYANINGTYAS,1,1
MARIA MARGARETHA ASTARI F.S,1,1
PRAGESTA SUDARSO,1,1
PANTER RIVAY SINAMBELA,1,1
SESY SEPTIANA SEMBIRING,1,1
INDRAWAN PRANACITRA,1,1
M BAYU SEGARA,1,1
GOMGOMAN H. SIMBOLON,1,1
BAYU NOVRIANDINATA,1,1
ERWIN ADE PUTRA SILABAN,1,1
TOTO HARMIKO,1,1
HERDIAWAN PRAYUDHI,1,1
RR RULIS SUTJI SJAHESTI,1,1
300.000.000,1,1
MUMUH A,1,1
ADE PUTRA,1,1
SUNARNO,1,1
DANIAR RASYID SETYA WARDHANA,1,1
HADI WINATA,1,1
NI MADE SAPTINI,1,1
HERIYANTO MANURUNG,1,1
SOFI YULIANA,1,1
QEMAL CANDRA MAULANA,1,1
FERA YUANIKA,1,1
MUTMAINAH HASANAH,1,1
MELISTRI,1,1
ANDI SURYA PERDANA,1,1
JUMINI,1,1
PRAMANA SYAMSUL IKBAR,1,1
SIANE F MATULESSY,1,1
MAUDYNA SETYO WARDHANI,1,1
"HERMAN PETA PERMADI
 3.NOVIANTO NUR PRABOWO",1,1
MUTMAINNAH,1,1
AGUS YULIANA INDRA SANTOSO,1,1
ARIN JULIYANTO,1,1
MUHAMMAD AGRA SYAFIQUDDIN YUSUF,1,1
EMA MULIAWATI,1,1
ARYA MARSEPA,1,1
FAHMILUL AMRI,1,1
ROMDHANI YULIASARI,1,1
FERDINAN CAHYADI,1,1
MUH. JUFRI,1,1
A.FADHILAH,1,1
IMAN INDRA PRIBADI,1,1
SARIFUDDIN A,1,1
NAHARUDDIN RAMBE,1,1
LALU MOHAMMAD RASYIDI,1,1
IVAN HEBRON SIAHAAN,1,1
DANIEL TULUS M SIHOTANG,1,1
NGURAH GEDE BAGUS JATIKUSUMA,1,1
M. JUNAIDI HS,1,1
RIDWAN FERNANDO,1,1
GUYUS KEMAL,1,1
BURHAN,1,1
RULLY MUTIARA,1,1
ER HANDAYA ARTHA WIJAYA,1,1
I GN AGUNG WIRA ANOM SAPUTRA,1,1
PETHRES MORCERLIF MANDALA,1,1
AMELLISA TARIGAN,1,1
HASAN EFENDI,1,1
MOHAMAD JUNIO RAMANDRE,1,1
M. AMRIANSYAH,1,1
PUJIARTO,1,1
HERY BASKORO,1,1
OKTARI,1,1
SULISTIYONO,1,1
EDY SETIAWAN,1,1
MUHAMAD APRILA RAMADHON,1,1
JOKO PROBOWINARTO,1,1
GOMGOMAN HALAMAN SIMBOLON,1,1
JHONSON EVENDI TAMBUNAN,1,1
ADITYO UTOMO,1,1
I NYOMAN PURYA,1,1
IMAN RAHMAT FEISAL,1,1
REYHAN DHANI PRATAMA,1,1
ERIK RUSNANDAR 7 AMAR YAZID BUSTOMI,1,1
I NYOMAN SANDI YASA,1,1
W ERFANDY KURNIA RACHMAN,1,1
ROY ANDIKA S,1,1
DEWI ZULAIKHO,1,1
YULIARTI,1,1
ADE JAYA ISMANTO,1,1
SEPTEDDY ENDRA WIJAYA,1,1
I WAYAN SUKARDIASA,1,1
NATANAEL P,1,1
MUHAMMAD FAZLURRAHMAN KOMARDIN,1,1
SAMUEL,1,1
FAJRIAN YUSTI ARDI,1,1
RIO BATARO SILALAHI,1,1
FIRMAN WAHYUDI,1,1
YOHANNES PARTUA SIAHAAN,1,1
LEONARD S. SIMALANGO,1,1
SIMA SIMSON,1,1
LEO KARNANDO CANIAGO,1,1
MOSLEM HARAKI,1,1
LEO KARNANDO CHANIAGO,1,1
HANS REYNER EDISON SIANTUR,1,1
MICHAEL STEFANUS SIMBOLON,1,1
MUHAMMAD FAIDUL ALIIM ROMAS,1,1
M. ALI NURHIDAYATULLAH,1,1
ROBY NOVAN RONAR,1,1
YUSUF FAJAR RAMDANI.,1,1
AGUS SALIM TAMPUBOLON,1,1
SITI ARYANI RAMELAN,1,1
"ZAINAL ABIDIN SALAMPESSY, S.H.,M.H",1,1
"ZUL AFRI SIREGAR, S.H., M.H.",1,1
FILLY LIDYA WASIDA,1,1
ZUBAIDAH TOMULAY S.H.,1,1
"ANDI ASHAR RAHMATULLAH JAKIR, SH",1,1
"ZUL KURNIAWAN AKBAR, S.H.",1,1
"STEPHANUS P. RUMAMBI, SH",1,1
"ABU PATANDEAN, SH.",1,1
AFIFUL BARIR. S,1,1
ERIK EKO BAGUS MUDIGDHO,1,1
"ZUL ASFI SIREGAR, S.H., M.H",1,1
"DANUR SUPRAPTO, S.H., M.H.",1,1
"ABDULLAH BACHRUDDIN, SH",1,1
"ABDUL RACHMAT, SH",1,1
REZA FIKRI DHARMAWAN. SH,1,1
AB SILITONGA,1,1
BERTHA NINGSIH,1,1
WIDYA ULFA,1,1
M. RIKZAN NUARI,1,1
ARIF FANSURI,1,1
DIYANI FAUDILA,1,1
PUTRI RETNOWATI PUSPITA NINGRUM,1,1
DWINA SANIDYA PUTRI,1,1
ARWIN ADINATA,1,1
DEDE EKA PUTRA,1,1
ZULHELDA,1,1
FERIK DEMIRAL,1,1
SAFARMAN,1,1
YANDI MUSTIQA,1,1
DILA SARI DIRGAYANA,1,1
SRI MAKHARANI,1,1
RIZKY AL IKHSAN,1,1
JEFRI TOLOKENDE,1,1
DESWIARNI,1,1
MISZUARTY,1,1
ARIF RAHMAN IRSADY,1,1
HARISON,1,1
YAN SYAFRUDIN,1,1
DR. IBRAHIM SITOMPUL,1,1
ROZY HAROMAI,1,1
MUHAMAD JUNAIDI HASAL,1,1
ARIDONA BUSTARI,1,1
HARIS ABDUL ROHMAN IBAWI,1,1
AFIFFUL BARIR,1,1
YANA YUSUF,1,1
UMIYATI M SALEH,1,1
M. ANGGA MAHATAMA,1,1
RAFI AHMAD SUBAGDJA,1,1
HORAS ERWIN SIREGAR,1,1
HARNAYATI,1,1
BOBY HARIYANTO HALOMOAN,1,1
BUSTANIL ARIFIN,1,1
ARIFIN DIKO,1,1
RAMADAN,1,1
GIDEON GULTOM,1,1
SAMUEL LIBETUS TAMBA,1,1
KARINA TRI AGUSTINA,1,1
ZULFADLI ILHAM,1,1
ARBIN NUMAN,1,1
ZUKRI AHMAD ALYAFIE,1,1
I WAYAN GEDIN ARIANTA,1,1
AGUNG TRI WAHYUDIANTO,1,1
BILLY BILYANA,1,1
AYU ALIFIANDRI ZAINAL,1,1
PUTRI DWI ASTRINI,1,1
ICO ANDREAS SAGALA,1,1
FLORAMIDA SITORUS,1,1
L.A. AGUSTJIPTO,1,1
ANITA THERESIA,1,1
RANDI H.T,1,1
CITRA KRISYANI,1,1
I DEWA GEDE BASKARA HARISA,1,1
NGATMINI,1,1
YABES MARLOBI SIRAIT,1,1
FETTY HIMAWATI,1,1
RIKI SEPTA TARIGAN,1,1
MEILINA SIMATUPANG,1,1
SUGIATNO MIGANO,1,1
MIRDAD APRIADI DANIAL,1,1
WILLIAM FREDERICK SOALOON,1,1
YARMA SARI,1,1
MEGA YULANDA,1,1
GRISNITA DEVI,1,1
THREE PUTRI AYU,1,1
DIAN REZKI AUGUSMI TAJUDDIN,1,1
SELLY INDAH NURMAYANTI,1,1
BANGUN SETYA BUDI,1,1
KURNIA DEWI MAKATITTA,1,1
AGUNG WIBOWO,1,1
NI DESAK KADEK SUTRIANI,1,1
HARRY ACHMAD DWI MARYONO,1,1
I NYOMAN GEDE OKA MAHENDRA,1,1
DIMAS BAYU SUHARNO,1,1
MISDAR BIN ENDOR,1,1
CATUR HIDAYAT PUTRA,1,1
I WAYAN YUDA SATRIA,1,1
SOFYAN HERU,1,1
RONALD PERONIKO,1,1
ARIZ RIZKY RAMADHON,1,1
ADIEF SWANDARU,1,1
YESSI KURNIANI,1,1
NI KETUT LILI SURYANTI,1,1
NI WAYAN IUSTIKASARI,1,1
NI KETUT CAHAYA LISTIANI,1,1
GERALD SALHUTERU,1,1
TEGAR ADI WICAKSONO,1,1
I KETUT DENI ASTIKA,1,1
I MADE EDDY SETIAWAN,1,1
NI MADE WIDYASTUTI,1,1
J. PATTIPEILOHY,1,1
HERI PAMUNGKAS,1,1
YOYOK JUNAIDI,1,1
FIKRI ABDUL KORNAIN,1,1
I GDE RAKA ARIMBAWA,1,1
A.A MADE SUARJA TEJA BUANA,1,1
NI WAYAN SULASMINI,1,1
RM.INDRA ADITYO,1,1
D.I. RINDAYANI,1,1
IBNU SINA,1,1
GUSTI AYU RAI ARTINI,1,1
I DEWA GEDE ANOM RAI,1,1
WIRA A. DAMANIK,1,1
MUHAMMAD RIDWAN RAIS,1,1
FAHRI SUNDAH,1,1
INDIRA KUSUMA WARDHAN,1,1
FADLUL AZMI,1,1
NYOMAN TRI SURYABUANA,1,1
I DEWA NARAPATI,1,1
DWI BUDI SETIARI,1,1
I KADEK TOPAN ADHI PUTRA,1,1
TULUS YUNUS ABDI,1,1
VANANDA PUTRA,1,1
PUTU WINDARI SULI,1,1
YUNI ASTUTI,1,1
LA ODE TAFRIMADA,1,1
IMAM RAMDHONI,1,1
RUDI PURWANTO,1,1
EFRI TOLOKENDE,1,1
SYAHREINI AGUSTIN,1,1
AGUNG SATRIADI PUTRA,1,1
NI MADE N LUMISENSI,1,1
KADEK AYU DYAH UTAMI DEWI,1,1
HARIS DIANTO SARAGIH,1,1
SUNDA DENUWARI SOFA,1,1
KIKI ZAKIAWATI,1,1
HALIDIMANJAYA,1,1
EDO DEDE PISANO,1,1
TAUFIK HIDAYAT,1,1
NANINDYA NATANINGRUM,1,1
TITO DIKSADRAPA ADITYA S,1,1
MASDALIANTO,1,1
RIZAL JAMALUDIN,1,1
ABRIAN RAHMAT FATAHILLAH,1,1
VERA FARIANTI HAVILAH,1,1
MARYANI MELINDAWATI,1,1
BIRGITA VENI ANDRIANI,1,1
PERWIRA SAPUTRA,1,1
ROY TUAN HAKIM,1,1
LINGGA NUARIE,1,1
BERIZKI FARCHAN HANDHITAMA,1,1
IRFAN NATAKUSUMA,1,1
SRI WINARNI,1,1
KOHARUDIN,1,1
ROSANDI,1,1
BUNARI,1,1
SISKA CHRISTINA,1,1
DR. RAKHMAT BAIHAKI,1,1
RISKI HARUNA MAYA SH,1,1
ANDRIE MARPAUNG SH MH,1,1
ACHMAD SUHAIDI,1,1
CITRA PERMATA SARI,1,1
TOMMY DETASATRIA,1,1
SUPRIATI,1,1
IRAWAN JATI MUSTIKO,1,1
FAJAR NURHESDI,1,1
WIDYA NUGRAHENY,1,1
FIRMANSYAH SIREGAR,1,1
UJANG SUTISNA,1,1
FITRIAN YURISTIAWAN,1,1
ACHMAD DEWA NUGRAHA,1,1
HIRAS N L RADJA,1,1
BELLA AZIGNA PURNAMA,1,1